9630cc7a-9349-4235-99ed-4b75ac7658f7	identifier	urn:ietf:rfc:3986	urn:oid:2.16.840.1.113883.1.11.14908
48b24645-ebf2-41e4-b83f-f157b8bc23b0	identifier	urn:ietf:rfc:3986	urn:oid:2.16.840.1.113883.1.11.19707
c1797cbc-013c-4010-aa7f-2d96223a100d	identifier	urn:ietf:rfc:3986	urn:oid:2.16.840.1.113883.1.11.10609
7acae05d-726c-4845-af11-e7166b388816	identifier	urn:ietf:rfc:3986	urn:oid:2.16.840.1.113883.1.11.10317
e8dc8b91-8a98-4204-abb2-7e65231f1ee2	identifier	urn:ietf:rfc:3986	urn:oid:2.16.840.1.113883.1.11.20446
d819116c-54d5-492a-b3f1-da1e048c1c44	identifier	urn:ietf:rfc:3986	urn:oid:2.16.840.1.113883.1.11.227
b53d3f65-3916-4425-9161-169070edb980	identifier	urn:ietf:rfc:3986	urn:oid:2.16.840.1.113883.1.11.19377
a603beea-030c-435a-ab6e-6c7165c93fa1	identifier	urn:ietf:rfc:3986	urn:oid:2.16.840.1.113883.1.11.11623
907c0ff0-8472-4d17-91f0-b36e06ef1c3d	identifier	urn:ietf:rfc:3986	urn:oid:2.16.840.1.113883.1.11.10975
3f5c25b1-b6b0-40dc-8ea0-824e5a36c648	identifier	urn:ietf:rfc:3986	urn:oid:2.16.840.1.113883.1.11.20478
0a701b51-f8e3-4ef5-8746-e7f045d47488	identifier	urn:ietf:rfc:3986	urn:oid:2.16.840.1.113883.1.11.10901
c52451db-8a87-4c3f-ada4-0d1e34207244	identifier	urn:ietf:rfc:3986	urn:oid:2.16.840.1.113883.1.11.15913
cfc79b73-50b4-4910-9917-4e96ba5393b1	identifier	urn:ietf:rfc:3986	urn:oid:2.16.840.1.113883.1.11.103
33e9bae6-dd98-4e6c-a0c8-0d98a9c8724c	identifier	urn:ietf:rfc:3986	urn:oid:2.16.840.1.113883.1.11.20322
87d15bb6-9be2-4f9b-97d2-33cd55b58862	identifier	urn:ietf:rfc:3986	urn:oid:2.16.840.1.113883.1.11.17704
c9ad85b0-b4bd-4cb2-898d-8397a042123e	identifier	urn:ietf:rfc:3986	urn:oid:2.16.840.1.113883.1.11.11529
94b2e32d-6f5e-437d-9ddf-68179b2967bf	identifier	urn:ietf:rfc:3986	urn:oid:2.16.840.1.113883.1.11.10259
d3a183fd-388b-4de2-a7ae-c4f2f03e6766	identifier	urn:ietf:rfc:3986	urn:oid:2.16.840.1.113883.1.11.20561
60207bd8-805b-4c01-a3b7-d79dacc9601c	identifier	urn:ietf:rfc:3986	urn:oid:2.16.840.1.113883.1.11.10342
ee1a5c44-4989-43e9-a29e-74711161fdd8	identifier	urn:ietf:rfc:3986	urn:oid:2.16.840.1.113883.1.11.19398
0459259f-ec1a-4998-91d7-e5374e270726	identifier	urn:ietf:rfc:3986	urn:oid:2.16.840.1.113883.1.11.19250
d7d7aefb-ecca-42be-897b-3001d5b5919d	identifier	urn:ietf:rfc:3986	urn:oid:2.16.840.1.113883.1.11.19579
083b7e72-9b6c-4307-820e-14a2129b94e4	identifier	urn:ietf:rfc:3986	urn:oid:2.16.840.1.113883.1.11.20277
48715dd3-8a11-49f1-b8ea-575159defd5d	identifier	urn:ietf:rfc:3986	urn:oid:2.16.840.1.113883.1.11.19373
b8c75b62-c077-4954-8cd7-e27bba1f2a12	identifier	urn:ietf:rfc:3986	urn:oid:2.16.840.1.113883.1.11.16643
9a70de59-2dfc-4e66-a896-4d6cde0cf469	identifier	urn:ietf:rfc:3986	urn:oid:2.16.840.1.113883.1.11.11591
2302052e-cef4-45f5-81bd-bd7a786c84ce	identifier	urn:ietf:rfc:3986	urn:oid:2.16.840.1.113883.1.11.19313
9358d25b-2837-4a1d-bc20-171df4094045	identifier	urn:ietf:rfc:3986	urn:oid:2.16.840.1.113883.1.11.19812
806e42b1-03fc-4c2b-967f-6c776ebef6cf	identifier	urn:ietf:rfc:3986	urn:oid:2.16.840.1.113883.1.11.20445
31b780e5-11ee-45f5-a4d3-4bdd53097bfd	identifier	urn:ietf:rfc:3986	urn:oid:2.16.840.1.113883.1.11.18938
9f572080-2965-4310-b4ec-92bf00593d82	identifier	urn:ietf:rfc:3986	urn:oid:2.16.840.1.113883.1.11.1
cb9dbd5e-b032-480f-ab75-bf401ee56e47	identifier	urn:ietf:rfc:3986	urn:oid:2.16.840.1.113883.1.11.14853
f8ae5f01-b0a6-4971-8d0d-832eb0276485	identifier	urn:ietf:rfc:3986	urn:oid:2.16.840.1.113883.1.11.13934
72714bb5-3150-43c4-91f9-28fe408ef167	identifier	urn:ietf:rfc:3986	urn:oid:2.16.840.1.113883.1.11.16508
7c673d72-4760-4e32-a652-b7ba9fdbfa2d	identifier	urn:ietf:rfc:3986	urn:oid:2.16.840.1.113883.1.11.11527
f8932d22-25ba-407d-88df-4cb7f87aa01e	identifier	urn:ietf:rfc:3986	urn:oid:2.16.840.1.113883.1.11.19584
2953a692-e1c5-4168-8311-24df18da63f8	identifier	urn:ietf:rfc:3986	urn:oid:2.16.840.1.113883.1.11.15992
876a4253-6c09-4689-b014-a5350ae16d05	identifier	urn:ietf:rfc:3986	urn:oid:2.16.840.1.113883.1.11.10642
f075b205-637d-404e-b687-edc4ee70624f	identifier	urn:ietf:rfc:3986	urn:oid:2.16.840.1.113883.1.11.20547
c9f9e754-0ea5-4a4c-8a25-2c2e267644a9	identifier	urn:ietf:rfc:3986	urn:oid:2.16.840.1.113883.1.11.20224
ddbc15e1-89bd-41f5-8b84-50c1bf833c0c	identifier	urn:ietf:rfc:3986	urn:oid:2.16.840.1.113883.1.11.13988
d4c282c8-1e5d-4788-81f8-37d19828915d	identifier	urn:ietf:rfc:3986	urn:oid:2.16.840.1.113883.1.11.10882
9192b698-38a2-446a-8036-fde4784a3d9d	identifier	urn:ietf:rfc:3986	urn:oid:2.16.840.1.113883.1.11.14006
b3aa45ca-3a1e-40a7-bf67-21fa46935e6f	identifier	urn:ietf:rfc:3986	urn:oid:2.16.840.1.113883.1.11.13955
46ebd913-1ce3-4729-be06-3070f450c2f5	identifier	urn:ietf:rfc:3986	urn:oid:2.16.840.1.113883.1.11.20471
fdd9239f-3afc-4861-8e6d-8502dbf6fc49	identifier	urn:ietf:rfc:3986	urn:oid:2.16.840.1.113883.1.11.11555
74cb4527-184a-456c-a9b0-617f866ecdb1	identifier	urn:ietf:rfc:3986	urn:oid:2.16.840.1.113883.1.11.13948
d7c12932-c7ed-4652-b255-d268bcc550f3	identifier	urn:ietf:rfc:3986	urn:oid:2.16.840.1.113883.1.11.17893
d63d881e-9429-46d0-984b-10946ad3207a	identifier	urn:ietf:rfc:3986	urn:oid:2.16.840.1.113883.1.11.20449
30eadfac-4ece-4fdd-a13f-2d9f054822fa	identifier	urn:ietf:rfc:3986	urn:oid:2.16.840.1.113883.1.11.10318
ad6c8af9-816a-4207-be49-b71f17db84e1	identifier	urn:ietf:rfc:3986	urn:oid:2.16.840.1.113883.1.11.19358
fda92983-e0b0-4b4b-a951-a02db34ccd57	identifier	urn:ietf:rfc:3986	urn:oid:2.16.840.1.113883.1.11.78
960c6a7c-ab36-4ac6-9b94-36dc6f740bdc	identifier	urn:ietf:rfc:3986	urn:oid:2.16.840.1.113883.1.11.209
77874f37-a35e-4f36-892a-2560dd136c49	identifier	urn:ietf:rfc:3986	urn:oid:2.16.840.1.113883.1.11.10282
ee53d552-9249-43c3-ac06-e9a0daa54279	identifier	urn:ietf:rfc:3986	urn:oid:2.16.840.1.113883.1.11.10355
4140f0e4-cb85-42ce-aae2-f1fa7711c68d	identifier	urn:ietf:rfc:3986	urn:oid:2.16.840.1.113883.1.11.11012
477c7037-d5ec-4217-b07f-df8b904499cc	identifier	urn:ietf:rfc:3986	urn:oid:2.16.840.1.113883.1.11.10302
f19a5151-ee71-4a81-abb1-f8d69587e01c	identifier	urn:ietf:rfc:3986	urn:oid:2.16.840.1.113883.1.11.18977
21df3c8e-5aa6-4718-ad98-141f79599f48	identifier	urn:ietf:rfc:3986	urn:oid:2.16.840.1.113883.1.11.16926
dcefc83f-6cc6-4326-b757-1efaafb637b3	identifier	urn:ietf:rfc:3986	urn:oid:2.16.840.1.113883.1.11.20413
814ab247-6d0b-4d6e-88a7-22dc358ac7f6	identifier	urn:ietf:rfc:3986	urn:oid:2.16.840.1.113883.1.11.11580
67a32738-d01e-4e24-a6b8-fd9f2821c92e	identifier	urn:ietf:rfc:3986	urn:oid:2.16.840.1.113883.1.11.20312
0f03d449-a51e-4823-a001-3bfec19b324f	identifier	urn:ietf:rfc:3986	urn:oid:2.16.840.1.113883.1.11.10248
c68b4800-f7d9-4ed4-99dc-c9f75bb391cf	identifier	urn:ietf:rfc:3986	urn:oid:2.16.840.1.113883.1.11.271
6827b959-d7a1-4461-a11c-276629443411	identifier	urn:ietf:rfc:3986	urn:oid:2.16.840.1.113883.1.11.10251
d7fd1f2d-9cca-4095-bb7d-a7d11741183c	identifier	urn:ietf:rfc:3986	urn:oid:2.16.840.1.113883.1.11.10992
1645caa5-1718-46ff-a95b-0a67afad8792	identifier	urn:ietf:rfc:3986	urn:oid:2.16.840.1.113883.1.11.10884
e2dc1429-8d09-47d9-91b7-861d5096eccf	identifier	urn:ietf:rfc:3986	urn:oid:2.16.840.1.113883.1.11.20321
d28aaf97-eba7-4c12-8342-e8f69fda8a65	identifier	urn:ietf:rfc:3986	urn:oid:2.16.840.1.113883.1.11.10196
f7f20eee-7f9e-4804-a8d4-2a4c2426f90f	identifier	urn:ietf:rfc:3986	urn:oid:2.16.840.1.113883.1.11.19032
dce6b32d-c14f-42fb-a0f6-27e4d142914b	identifier	urn:ietf:rfc:3986	urn:oid:2.16.840.1.113883.1.11.17660
a21bc801-3ce8-4a2a-953d-3004c869408d	identifier	urn:ietf:rfc:3986	urn:oid:2.16.840.1.113883.1.11.10620
2202530d-9836-4242-9f01-16f44fb638c0	identifier	urn:ietf:rfc:3986	urn:oid:2.16.840.1.113883.1.11.10349
75baf7f8-6cb7-4cda-a67c-da9c5637b7c4	identifier	urn:ietf:rfc:3986	urn:oid:2.16.840.1.113883.1.11.10310
fa4a3919-1c91-45a2-9ab0-8e2c163f726b	identifier	urn:ietf:rfc:3986	urn:oid:2.16.840.1.113883.1.11.20562
0cf44f0e-45c5-41c4-b753-1bf83f282151	identifier	urn:ietf:rfc:3986	urn:oid:2.16.840.1.113883.1.11.15999
c0ad27d4-459d-4a84-8158-760c7fc24991	identifier	urn:ietf:rfc:3986	urn:oid:2.16.840.1.113883.1.11.10871
9b01b8e7-d360-459e-9771-0443be112433	identifier	urn:ietf:rfc:3986	urn:oid:2.16.840.1.113883.1.11.18899
5d32f26a-4cb0-44c8-9c55-3e1ab9669f62	identifier	urn:ietf:rfc:3986	urn:oid:2.16.840.1.113883.1.11.394
aa2bc9bd-904c-4b76-939a-8442f0ee3bd3	identifier	urn:ietf:rfc:3986	urn:oid:2.16.840.1.113883.1.11.91
c9f63dbf-7a99-4aac-93ca-1a9230373914	identifier	urn:ietf:rfc:3986	urn:oid:2.16.840.1.113883.1.11.16005
25449631-536f-47e9-9e35-d9a8a5aac8dc	identifier	urn:ietf:rfc:3986	urn:oid:2.16.840.1.113883.1.11.10747
6996494e-a0a9-46f2-82c6-5fbf1b2cb097	identifier	urn:ietf:rfc:3986	urn:oid:2.16.840.1.113883.1.11.16927
21de9fcd-c6e1-4c9b-a214-79c9f8cdd12c	identifier	urn:ietf:rfc:3986	urn:oid:2.16.840.1.113883.1.11.12234
b9fcbf3d-8945-4534-97d0-ef07e94457d8	identifier	urn:ietf:rfc:3986	urn:oid:2.16.840.1.113883.1.11.20481
aa9a797d-b1ee-4b5b-9b1a-8eab5d5601d4	identifier	urn:ietf:rfc:3986	urn:oid:2.16.840.1.113883.1.11.19833
de140c33-b367-499a-96b9-7663354a1f53	identifier	urn:ietf:rfc:3986	urn:oid:2.16.840.1.113883.1.11.16031
e9192a97-5382-491a-9db1-e7ca52981fd5	identifier	urn:ietf:rfc:3986	urn:oid:2.16.840.1.113883.1.11.11526
fdfb3ce2-55f8-4c4d-9867-04dca1a052cf	identifier	urn:ietf:rfc:3986	urn:oid:2.16.840.1.113883.1.11.20323
781cde34-a7f8-491b-8cdf-52d20f6679ac	identifier	urn:ietf:rfc:3986	urn:oid:2.16.840.1.113883.1.11.10878
739c1dc5-d32d-4d02-b65e-952837437384	identifier	urn:ietf:rfc:3986	urn:oid:2.16.840.1.113883.1.11.20560
b3e3b13d-487b-4208-b466-eafcdcb6e31d	identifier	urn:ietf:rfc:3986	urn:oid:2.16.840.1.113883.1.11.17422
96e34afe-5897-4087-a8db-461d0bbaa273	identifier	urn:ietf:rfc:3986	urn:oid:2.16.840.1.113883.1.11.20428
5fe209eb-94bf-408c-9550-33eb6e55603e	identifier	urn:ietf:rfc:3986	urn:oid:2.16.840.1.113883.1.11.16621
785de1c8-7da7-4767-9f82-193916885391	identifier	urn:ietf:rfc:3986	urn:oid:2.16.840.1.113883.1.11.14761
c68dcbeb-7212-46a1-ad31-452b79a2c31b	identifier	urn:ietf:rfc:3986	urn:oid:2.16.840.1.113883.4.642.2.222
c30fd591-6f6e-4a6f-9269-1421e2b97410	identifier	urn:ietf:rfc:3986	urn:oid:2.16.840.1.113883.1.11.10981
19629a2a-ae6a-4143-9af0-33bc7e172f7a	identifier	urn:ietf:rfc:3986	urn:oid:2.16.840.1.113883.1.11.11002
91e4bdd9-1adc-403d-9770-157e5ffe3d4b	identifier	urn:ietf:rfc:3986	urn:oid:2.16.840.1.113883.1.11.155
5a6e2267-7684-4bf8-8064-78009b5f9257	identifier	urn:ietf:rfc:3986	urn:oid:2.16.840.1.113883.1.11.19665
75a9db83-460d-4e0b-b64a-94c52c90c93d	identifier	urn:ietf:rfc:3986	urn:oid:2.16.840.1.113883.1.11.16036
83724c6a-402e-4f16-85a9-f12568339f67	identifier	urn:ietf:rfc:3986	urn:oid:2.16.840.1.113883.1.11.10889
201fae5c-a697-42e0-b66d-5353602b8329	identifier	urn:ietf:rfc:3986	urn:oid:2.16.840.1.113883.1.11.20355
12e4f481-a8a1-4ac1-99fd-7d69e67017a0	identifier	urn:ietf:rfc:3986	urn:oid:2.16.840.1.113883.1.11.11052
03425c31-3baa-4e5f-9f19-236b8d926859	identifier	urn:ietf:rfc:3986	urn:oid:2.16.840.1.113883.1.11.16208
0bf6cc50-f879-4a36-945c-dd6ee29ed0ce	identifier	urn:ietf:rfc:3986	urn:oid:2.16.840.1.113883.1.11.20276
d801dab3-4448-4ded-9be7-7d169822ea86	identifier	urn:ietf:rfc:3986	urn:oid:2.16.840.1.113883.1.11.19316
9928e7d3-0fd3-4bde-b948-499f9383dd46	identifier	urn:ietf:rfc:3986	urn:oid:2.16.840.1.113883.1.11.19846
5fdb923d-9b7a-4a36-a740-0d220c2d9ee8	identifier	urn:ietf:rfc:3986	urn:oid:2.16.840.1.113883.1.11.15880
0da7e4c7-359f-45dc-b121-e4904c39ad84	identifier	urn:ietf:rfc:3986	urn:oid:2.16.840.1.113883.1.11.11603
ec0b5fa7-e2b3-466e-93b2-73e3044d9527	identifier	urn:ietf:rfc:3986	urn:oid:2.16.840.1.113883.1.11.395
b9184d1b-dcdc-4af0-87fb-93035f362759	identifier	urn:ietf:rfc:3986	urn:oid:2.16.840.1.113883.1.11.16478
6c817d5e-f28c-446b-b7a2-83002704533d	identifier	urn:ietf:rfc:3986	urn:oid:2.16.840.1.113883.1.11.19823
73fa4a79-7062-4be9-b2ac-26a4469aaa04	identifier	urn:ietf:rfc:3986	urn:oid:2.16.840.1.113883.1.11.19676
0697a5ce-ed4d-4823-9366-6e41b561538f	identifier	urn:ietf:rfc:3986	urn:oid:2.16.840.1.113883.1.11.11017
359814a4-7c3b-4a7d-8b49-5ef813876194	identifier	urn:ietf:rfc:3986	urn:oid:2.16.840.1.113883.1.11.207
2e1c8254-52a9-4be7-b42e-88d95879d457	identifier	urn:ietf:rfc:3986	urn:oid:2.16.840.1.113883.1.11.10429
67a4d48b-b1b5-4ddb-ba70-a2e91fbc1fd0	identifier	urn:ietf:rfc:3986	urn:oid:2.16.840.1.113883.1.11.10706
3367336f-075d-46c0-928c-720e059e8f6e	identifier	urn:ietf:rfc:3986	urn:oid:2.16.840.1.113883.1.11.15933
5fc5f8ee-3ee5-47f3-87a4-62d6545233fb	identifier	urn:ietf:rfc:3986	urn:oid:2.16.840.1.113883.1.11.19265
37c92a44-d405-4644-82f0-cd720a7ffb14	identifier	urn:ietf:rfc:3986	urn:oid:2.16.840.1.113883.1.11.11523
01fa0e37-2cbc-4a4f-82b7-11c1f579f624	identifier	urn:ietf:rfc:3986	urn:oid:2.16.840.1.113883.1.11.20448
95c25ec2-54d5-4faa-b740-f55358620f38	identifier	urn:ietf:rfc:3986	urn:oid:2.16.840.1.113883.1.11.208
feffa093-8235-4c83-b9c3-d47d8a57927a	identifier	urn:ietf:rfc:3986	urn:oid:2.16.840.1.113883.1.11.10202
e47130e7-284d-45ee-af6e-28700bd62b45	identifier	urn:ietf:rfc:3986	urn:oid:2.16.840.1.113883.1.11.12242
d24f757b-b8e1-4eae-b408-dfc739658bbe	identifier	urn:ietf:rfc:3986	urn:oid:2.16.840.1.113883.1.11.16226
861dd258-b330-450d-b164-b54f9db5bdd7	identifier	urn:ietf:rfc:3986	urn:oid:2.16.840.1.113883.1.11.19563
6d2c8531-8ce0-405e-9e90-33509c865803	identifier	urn:ietf:rfc:3986	urn:oid:2.16.840.1.113883.1.11.10682
a7d8873d-68a7-4f42-b840-ad2a8a379b08	identifier	urn:ietf:rfc:3986	urn:oid:2.16.840.1.113883.1.11.19175
f55a9751-b830-4117-acb3-d41440c0856b	identifier	urn:ietf:rfc:3986	urn:oid:2.16.840.1.113883.1.11.10892
40902e3b-5a1b-474f-8147-8519a26ab30e	identifier	urn:ietf:rfc:3986	urn:oid:2.16.840.1.113883.1.11.390
72cdf8dd-a26c-4a2f-8c48-4be0998797d6	identifier	urn:ietf:rfc:3986	urn:oid:2.16.840.1.113883.1.11.10879
824adc19-2433-4e72-ad78-86d2b9465763	identifier	urn:ietf:rfc:3986	urn:oid:2.16.840.1.113883.1.11.10365
701a9c43-2d8f-46e6-91f5-e1203e43096b	identifier	urn:ietf:rfc:3986	urn:oid:2.16.840.1.113883.1.11.12199
1d00a073-49c5-4aa6-8652-3ee9efb721d5	identifier	urn:ietf:rfc:3986	urn:oid:2.16.840.1.113883.1.11.10896
e7c46627-6521-4eba-b2bf-710c92c2b8cb	identifier	urn:ietf:rfc:3986	urn:oid:2.16.840.1.113883.1.11.13922
c2a38e64-35f2-4646-ba0b-6b2d51cb543a	identifier	urn:ietf:rfc:3986	urn:oid:2.16.840.1.113883.1.11.17416
0658c76d-a2da-47f7-900c-1ae25cc5fe15	identifier	urn:ietf:rfc:3986	urn:oid:2.16.840.1.113883.1.11.19650
2307b0db-a1f6-449c-a377-e30eb5213531	identifier	urn:ietf:rfc:3986	urn:oid:2.16.840.1.113883.1.11.10987
04197152-bd41-4303-b7da-f32c4a15cdf8	identifier	urn:ietf:rfc:3986	urn:oid:2.16.840.1.113883.1.11.10228
e7df01ac-72b1-4e2d-afc2-20f20546fba4	identifier	urn:ietf:rfc:3986	urn:oid:2.16.840.1.113883.1.11.190
4a8853da-b8c6-4da7-8aff-dc51caa5e58d	identifier	urn:ietf:rfc:3986	urn:oid:2.16.840.1.113883.1.11.10018
a7f927d7-d42c-48b2-abe0-e7485d7ef68f	identifier	urn:ietf:rfc:3986	urn:oid:2.16.840.1.113883.1.11.17385
0b12c211-81a2-496f-bce7-44ecfc03c2bc	identifier	urn:ietf:rfc:3986	urn:oid:2.16.840.1.113883.1.11.19613
eac06119-b2e7-40e1-885d-1f5034fdc18a	identifier	urn:ietf:rfc:3986	urn:oid:2.16.840.1.113883.1.11.20546
16219240-e4a4-4fdc-b63f-7dee57b734bc	identifier	urn:ietf:rfc:3986	urn:oid:2.16.840.1.113883.1.11.14066
a5c78c4f-60d7-4cec-ba79-1110e1aa1b45	identifier	urn:ietf:rfc:3986	urn:oid:2.16.840.1.113883.1.11.10199
df525250-fadb-4fa4-905d-1c93a18dfef6	identifier	urn:ietf:rfc:3986	urn:oid:2.16.840.1.113883.1.11.15888
04fc5e69-044d-40f5-9825-e6165c5989c6	identifier	urn:ietf:rfc:3986	urn:oid:2.16.840.1.113883.1.11.10360
d3f657e8-8576-4ae3-aca5-934125c105b0	identifier	urn:ietf:rfc:3986	urn:oid:2.16.840.1.113883.1.11.19855
15f14ae7-da56-4776-8bf5-8ad92e0062fb	identifier	urn:ietf:rfc:3986	urn:oid:2.16.840.1.113883.1.11.19897
bf2f9894-10b2-4cb9-9dac-bf9f49249d8d	identifier	urn:ietf:rfc:3986	urn:oid:2.16.840.1.113883.1.11.13940
4a372996-5a0c-445e-ad8d-a8e119a053d0	identifier	urn:ietf:rfc:3986	urn:oid:2.16.840.1.113883.1.11.19105
36e23ab4-1695-4163-aa7f-ead8a2f44f62	identifier	urn:ietf:rfc:3986	urn:oid:2.16.840.1.113883.1.11.20425
90705711-646f-414f-a275-ae0bb0e5b76e	identifier	urn:ietf:rfc:3986	urn:oid:2.16.840.1.113883.1.11.10286
0c1cd766-b3cb-4bdf-acaa-9f27cf1efb43	identifier	urn:ietf:rfc:3986	urn:oid:2.16.840.1.113883.1.11.10329
6caee570-d267-423f-9244-08bb7180e700	identifier	urn:ietf:rfc:3986	urn:oid:2.16.840.1.113883.1.11.20423
c0b624b9-7fde-4566-a453-9d8e892731d8	identifier	urn:ietf:rfc:3986	urn:oid:2.16.840.1.113883.1.11.11535
73c7c7af-96ad-4143-898e-855f9e6896a6	identifier	urn:ietf:rfc:3986	urn:oid:2.16.840.1.113883.1.11.20380
5cc008af-ab9d-42bc-9edc-9f81512e7c2c	identifier	urn:ietf:rfc:3986	urn:oid:2.16.840.1.113883.1.11.20444
9ebab5df-3937-4fa6-9a4e-ca1db1060b09	identifier	urn:ietf:rfc:3986	urn:oid:2.16.840.1.113883.1.11.10416
95a73412-eb64-467b-81a8-3af5f79253f1	identifier	urn:ietf:rfc:3986	urn:oid:2.16.840.1.113883.1.11.10893
ab9819a8-23c1-4fe3-b8dd-47434ec4996d	identifier	urn:ietf:rfc:3986	urn:oid:2.16.840.1.113883.1.11.20324
14ae7995-1157-4caf-8cd2-24fbbf59f39a	identifier	urn:ietf:rfc:3986	urn:oid:2.16.840.1.113883.1.11.20545
dfff8a31-5340-44f1-9ce4-8b1b683c637c	identifier	urn:ietf:rfc:3986	urn:oid:2.16.840.1.113883.1.11.16899
68368e6e-f2e5-429b-b79c-5c40963a5cc3	identifier	urn:ietf:rfc:3986	urn:oid:2.16.840.1.113883.1.11.12249
1a3fef68-340c-4da1-a99b-d594bb6f4b93	identifier	urn:ietf:rfc:3986	urn:oid:2.16.840.1.113883.1.11.8
4b821a96-748b-449a-9c86-fca01d086e22	identifier	urn:ietf:rfc:3986	urn:oid:2.16.840.1.113883.1.11.14054
01436d01-4ff7-497a-b30c-815c9d23e4dd	identifier	urn:ietf:rfc:3986	urn:oid:2.16.840.1.113883.1.11.10267
bce55db0-5987-4164-9110-5cf6f828cfff	context-type	http://terminology.hl7.org/CodeSystem/usage-context-type	age
bce55db0-5987-4164-9110-5cf6f828cfff	jurisdiction	urn:iso:std:iso:3166	US
bce55db0-5987-4164-9110-5cf6f828cfff	identifier	http://acme.com/identifiers/valuesets	loinc-cholesterol-int
f990277f-596b-4842-a68f-a02cb88c80f5	identifier	http://acme.com/identifiers/valuesets	loinc-cholesterol-ext
e86af8c6-fc62-457b-88a2-f2224a3688b7	context-type	http://example.org/fhir/CodeSystem/use-contexts	species
e86af8c6-fc62-457b-88a2-f2224a3688b7	jurisdiction	urn:iso:std:iso:3166	US
b0bb41fd-01a3-4252-9d92-d1f0eaff6025	identifier	urn:ietf:rfc:3986	urn:oid:2.16.840.1.113883.4.642.3.576
988eb74e-9d6c-47bb-8390-039cb78c1c8d	identifier	urn:ietf:rfc:3986	urn:oid:2.16.840.1.113883.4.642.3.428
af39dc6e-30d9-4c85-b284-8a6ae00343a8	identifier	urn:ietf:rfc:3986	urn:oid:2.16.840.1.113883.4.642.3.1403
1fb33d3e-e23f-4d97-8228-8eb6b4564783	identifier	urn:ietf:rfc:3986	urn:oid:2.16.840.1.113883.4.642.3.1064
60191548-9199-474a-a1b3-ba4c8f33d13f	identifier	urn:ietf:rfc:3986	urn:oid:2.16.840.1.113883.4.642.3.714
b23ddeaf-55e7-4e83-bd20-1936589fa800	identifier	urn:ietf:rfc:3986	urn:oid:2.16.840.1.113883.4.642.3.171
644aca99-410e-4b76-b405-d5bb91e3565a	identifier	urn:ietf:rfc:3986	urn:oid:2.16.840.1.113883.4.642.3.416
7f8a7ba8-be15-4e2d-95ef-5aa87f41b0a3	identifier	urn:ietf:rfc:3986	urn:oid:2.16.840.1.113883.4.642.3.200
4b2637e1-d6a9-473e-92f3-607e01209e62	identifier	urn:ietf:rfc:3986	urn:oid:2.16.840.1.113883.4.642.3.942
4ccfa337-61de-485a-a99a-52ade884c78f	identifier	urn:ietf:rfc:3986	urn:oid:2.16.840.1.113883.4.642.3.295
2fede814-1125-445e-8089-e74cdb59cc37	identifier	urn:ietf:rfc:3986	urn:oid:2.16.840.1.113883.4.642.3.347
6980c544-2fad-45b4-b76e-2a71bda9bb3d	identifier	urn:ietf:rfc:3986	urn:oid:2.16.840.1.113883.4.642.3.206
153cbd11-5c99-4939-8b02-9cc94cbc3942	identifier	urn:ietf:rfc:3986	urn:oid:2.16.840.1.113883.4.642.3.253
8d72e6bc-4753-4276-96d0-0acbce26be07	identifier	urn:ietf:rfc:3986	urn:oid:2.16.840.1.113883.4.642.3.592
107f187f-ce46-441f-8e8e-21bfcd672fd5	identifier	urn:ietf:rfc:3986	urn:oid:2.16.840.1.113883.4.642.3.807
986ad3ea-74cd-4e94-84e0-284558783db7	identifier	urn:ietf:rfc:3986	urn:oid:2.16.840.1.113883.4.642.3.880
7e11a913-812f-4dd2-a50f-4d1b4614b4af	identifier	urn:ietf:rfc:3986	urn:oid:2.16.840.1.113883.4.642.3.1387
94c3cda5-3c09-48d8-8173-216292b2eabb	identifier	urn:ietf:rfc:3986	urn:oid:2.16.840.1.113883.4.642.3.259
38076861-9249-4b55-ae95-5c74d7451410	identifier	urn:ietf:rfc:3986	urn:oid:2.16.840.1.113883.4.642.3.480
f758e651-3d31-48e1-bbd6-b281926f0b4a	identifier	urn:ietf:rfc:3986	urn:oid:2.16.840.1.113883.4.642.3.238
51490944-79a0-4111-a4e5-20fc53b5cd81	identifier	urn:ietf:rfc:3986	urn:oid:2.16.840.1.113883.4.642.3.1169
4c3802ca-65d9-446f-8a06-014d0ba49dce	identifier	urn:ietf:rfc:3986	urn:oid:2.16.840.1.113883.4.642.3.332
321a483f-9ffc-4eea-b22c-bf8c14644882	identifier	urn:ietf:rfc:3986	urn:oid:2.16.840.1.113883.4.642.3.600
bd74128d-872c-4787-9a6c-0c332df81a68	identifier	urn:ietf:rfc:3986	urn:oid:2.16.840.1.113883.4.642.3.544
a90af7fd-101f-473f-9493-05dea66d34ff	identifier	urn:ietf:rfc:3986	urn:oid:2.16.840.1.113883.4.642.3.57
c5467b5e-6999-4c3a-ac58-2ea442ce4e97	identifier	urn:ietf:rfc:3986	urn:oid:2.16.840.1.113883.4.642.3.307
4d2f6ac5-6d7a-41ec-a43c-4502f06a2ea8	identifier	urn:ietf:rfc:3986	urn:oid:2.16.840.1.113883.4.642.3.915
38556332-d2c3-4d3b-9c82-563077f60bb7	identifier	urn:ietf:rfc:3986	urn:oid:2.16.840.1.113883.4.642.3.192
2e9c6b4a-ea3b-4971-aad2-d85baa1be909	identifier	urn:ietf:rfc:3986	urn:oid:2.16.840.1.113883.4.642.3.337
8445d4ed-6be8-4732-b98d-8d044fb4b957	identifier	urn:ietf:rfc:3986	urn:oid:2.16.840.1.113883.4.642.3.255
53df6937-25fc-412e-84b0-c2e00c853994	identifier	urn:ietf:rfc:3986	urn:oid:2.16.840.1.113883.4.642.3.261
ff4d0d09-2f27-456e-bf2d-f395db1fb11a	identifier	urn:ietf:rfc:3986	urn:oid:2.16.840.1.113883.4.642.3.1295
cd2f15e0-17b6-4fa6-9eb5-d5d0f9c36d03	identifier	urn:ietf:rfc:3986	urn:oid:2.16.840.1.113883.4.642.3.330
ef7fde84-ecaa-4028-b325-9fd8767008f6	identifier	urn:ietf:rfc:3986	urn:oid:2.16.840.1.113883.4.642.3.963
9865b075-8713-406c-b54b-9285df6128a4	identifier	urn:ietf:rfc:3986	urn:oid:2.16.840.1.113883.4.642.3.87
da2d0f71-b760-4be5-9c59-1cb90040df8b	identifier	urn:ietf:rfc:3986	urn:oid:2.16.840.1.113883.4.642.3.767
89d122fa-4074-4bd1-b7ea-b8c3479a1dcc	identifier	urn:ietf:rfc:3986	urn:oid:2.16.840.1.113883.4.642.3.172
607c3f2f-1a16-4181-b3fd-f2a5e143416f	identifier	urn:ietf:rfc:3986	urn:oid:2.16.840.1.113883.4.642.3.224
9259759d-a465-417a-ab09-58c64c86c1b6	identifier	urn:ietf:rfc:3986	urn:oid:2.16.840.1.113883.4.642.3.992
f71c86d6-d29e-4b69-a704-df359bb80844	identifier	urn:ietf:rfc:3986	urn:oid:2.16.840.1.113883.4.642.3.452
da54c11f-55d7-4900-bf2e-461319220a5b	identifier	urn:ietf:rfc:3986	urn:oid:2.16.840.1.113883.4.642.3.695
3f0fe636-4f3d-4aaa-a0b5-c37e7aed1d34	identifier	urn:ietf:rfc:3986	urn:oid:2.16.840.1.113883.4.642.3.580
9cbcef49-a83d-492c-b506-cd8d7f268983	identifier	urn:ietf:rfc:3986	urn:oid:2.16.840.1.113883.4.642.3.1220
e2815390-a87b-423b-a4bd-4aaff9efe484	identifier	urn:ietf:rfc:3986	urn:oid:2.16.840.1.113883.4.642.3.819
ee49cdaa-e6e0-44fe-b127-109bde4b2d47	identifier	urn:ietf:rfc:3986	urn:oid:2.16.840.1.113883.4.642.3.326
3246f8ac-c15d-47db-9163-18d5ce348af8	identifier	urn:ietf:rfc:3986	urn:oid:2.16.840.1.113883.4.642.3.516
98219b16-0e26-47d3-b99a-d2f26ef743b3	identifier	urn:ietf:rfc:3986	urn:oid:2.16.840.1.113883.4.642.3.1280
cc1a4d28-185d-425d-8432-babf0545cc44	identifier	urn:ietf:rfc:3986	urn:oid:2.16.840.1.113883.4.642.3.677
b9a48c57-1ab5-450e-858d-71b45a8431e6	identifier	urn:ietf:rfc:3986	urn:oid:2.16.840.1.113883.4.642.3.301
9a74fffa-5188-4936-976c-ac6383f73d42	identifier	urn:ietf:rfc:3986	urn:oid:2.16.840.1.113883.4.642.3.1060
a9b08ae4-48dd-4601-8c30-2c3ba6435e85	identifier	urn:ietf:rfc:3986	urn:oid:2.16.840.1.113883.4.642.3.27
dedb85bc-1836-4596-b2f2-684cc034f711	identifier	urn:ietf:rfc:3986	urn:oid:2.16.840.1.113883.4.642.3.117
ed3621df-6a82-42d4-9871-020b22524162	identifier	urn:ietf:rfc:3986	urn:oid:2.16.840.1.113883.4.642.3.198
65bdbb30-5d3c-4430-bff6-81b397628ec9	identifier	urn:ietf:rfc:3986	urn:oid:2.16.840.1.113883.4.642.3.594
d8193267-6871-49ba-bcbf-cf7a8809d331	identifier	urn:ietf:rfc:3986	urn:oid:2.16.840.1.113883.4.642.3.1216
e4ffa934-c9db-435f-84a8-a154fc35d955	identifier	urn:ietf:rfc:3986	urn:oid:2.16.840.1.113883.4.642.3.546
294250d8-bf7f-40d3-aa9b-b90c9d14001e	identifier	urn:ietf:rfc:3986	urn:oid:2.16.840.1.113883.4.642.3.773
6f66e130-af35-4657-9507-a74bb6f1d0b0	identifier	urn:ietf:rfc:3986	urn:oid:required
79903621-262c-45b8-915c-624426ed708b	identifier	urn:ietf:rfc:3986	urn:oid:2.16.840.1.113883.4.642.3.944
d111308a-3b6d-4fee-9663-33f5cdd1033c	identifier	urn:ietf:rfc:3986	urn:oid:2.16.840.1.113883.4.642.3.153
4b59f544-c2d5-4620-9a7c-74021f89069c	identifier	urn:ietf:rfc:3986	urn:oid:2.16.840.1.113883.4.642.3.434
cb018716-9835-4d1c-883e-53ac08014c3f	identifier	urn:ietf:rfc:3986	urn:oid:2.16.840.1.113883.4.642.3.1016
5300b30d-64c1-4f30-abb3-c8a4a74b41ea	identifier	urn:ietf:rfc:3986	urn:oid:2.16.840.1.113883.4.642.3.174
fca02456-72a8-40d8-a165-a18a9f6a6d3d	identifier	urn:ietf:rfc:3986	urn:oid:2.16.840.1.113883.4.642.3.454
640d4aa9-7a05-428e-b005-231c891f5852	identifier	urn:ietf:rfc:3986	urn:oid:2.16.840.1.113883.4.642.3.39
903e6853-2fb3-4ab4-a1b2-28723e9c9f56	identifier	urn:ietf:rfc:3986	urn:oid:2.16.840.1.113883.4.642.3.679
7c534c3d-8135-4f1d-a93c-2b817f7107fd	identifier	urn:ietf:rfc:3986	urn:oid:2.16.840.1.113883.6.280
ec21daaf-bf18-4f92-a7ac-51eda36157db	identifier	urn:ietf:rfc:3986	urn:oid:2.16.840.1.113883.4.642.3.584
e8597869-edb7-4dad-823a-612ac751273d	identifier	urn:ietf:rfc:3986	urn:oid:2.16.840.1.113883.4.642.3.771
77cc46e3-5f48-46e2-80b8-2a29f91320d3	identifier	urn:ietf:rfc:3986	urn:oid:2.16.840.1.113883.3.88.12.80.47
74122a0f-f663-4d7b-892f-ac47e0942a54	identifier	urn:ietf:rfc:3986	urn:oid:2.16.840.1.113883.4.642.3.367
cf3d7575-1770-47d9-b48a-2f4597958e31	identifier	urn:ietf:rfc:3986	urn:oid:2.16.840.1.113883.4.642.3.578
024c54a7-7097-4669-8082-67bb815f18e4	identifier	urn:ietf:rfc:3986	urn:oid:2.16.840.1.113883.4.642.3.687
e67e3df2-761b-4ff8-aafc-1c6db10fb84b	identifier	urn:ietf:rfc:3986	urn:oid:2.16.840.1.113883.4.642.3.560
734493b8-d5ed-429e-a7eb-275e8e968f6d	identifier	urn:ietf:rfc:3986	urn:oid:2.16.840.1.113883.4.642.3.590
ff9fd4d5-7a11-42a5-9295-272f30e7ba45	identifier	urn:ietf:rfc:3986	urn:oid:2.16.840.1.113883.4.642.3.131
6fcb6bc6-9037-4d62-ab3b-58520fe4108d	identifier	urn:ietf:rfc:3986	urn:oid:2.16.840.1.113883.4.642.3.344
41be54d2-89bb-4fcc-8ea6-c7f8b5aad561	identifier	urn:ietf:rfc:3986	urn:oid:2.16.840.1.113883.4.642.3.1345
d3c32987-d157-4e7d-8ab6-9f2dd63bede0	identifier	urn:ietf:rfc:3986	urn:oid:2.16.840.1.113883.4.642.3.23
e47ee000-e22c-4000-acde-88fb3ff50c51	identifier	urn:ietf:rfc:3986	urn:oid:2.16.840.1.113883.4.642.3.107
546fa336-ad89-47ee-a3da-f39b7b6d57e3	identifier	urn:ietf:rfc:3986	urn:oid:2.16.840.1.113883.4.642.3.508
987818cc-7d31-4d56-97ac-d35fcc2f22f2	identifier	urn:ietf:rfc:3986	urn:oid:2.16.840.1.113883.4.642.3.1022
2415190f-aea1-44a5-90e3-c4a88cda8807	identifier	urn:ietf:rfc:3986	urn:oid:2.16.840.1.113883.4.642.3.860
1234ba0b-0584-43bf-96eb-a2ee40a15d04	identifier	urn:ietf:rfc:3986	urn:oid:2.16.840.1.113883.4.642.3.612
372833a2-25de-408a-8c29-275bf9e9dca2	identifier	urn:ietf:rfc:3986	urn:oid:2.16.840.1.113883.4.642.3.910
7f122915-dc8a-4deb-94cd-a0c755256967	identifier	urn:ietf:rfc:3986	urn:oid:2.16.840.1.113883.4.642.3.460
14aeb691-2b81-4461-bd56-51d595369cd3	identifier	urn:ietf:rfc:3986	urn:oid:2.16.840.1.113883.4.642.3.769
9ec79e46-ff84-4efb-8c23-825ab024e65f	identifier	urn:ietf:rfc:3986	urn:oid:2.16.840.1.113883.4.642.3.1222
0c9db612-9e97-486e-be7b-84217e5c2048	identifier	urn:ietf:rfc:3986	urn:oid:2.16.840.1.113883.4.642.3.908
8f35e8a9-acf3-45ed-aee4-4b6fedb6a257	identifier	urn:ietf:rfc:3986	urn:oid:2.16.840.1.113883.4.642.3.935
4a2b4edd-df0e-415e-aeff-e6e81b82a429	identifier	urn:ietf:rfc:3986	urn:oid:2.16.840.1.113883.4.642.3.1000
dcacef99-564c-42a0-9144-22e89733086d	identifier	urn:ietf:rfc:3986	urn:oid:2.16.840.1.113883.4.642.3.1083
496a6eb5-50c5-4907-842a-41cb1715c795	identifier	urn:ietf:rfc:3986	urn:oid:2.16.840.1.113883.4.642.3.262
f84e1e02-8bdf-4154-af16-0ec9334548f3	identifier	urn:ietf:rfc:3986	urn:oid:2.16.840.1.113883.4.642.3.858
4d69330a-bf62-41dc-80df-815a5ab10809	identifier	urn:ietf:rfc:3986	urn:oid:2.16.840.1.113883.4.642.3.906
c06852b6-4e58-4582-b46e-b3236b544e73	identifier	urn:ietf:rfc:3986	urn:oid:2.16.840.1.113883.4.642.3.145
775bc2ba-2cc8-4c33-9a9b-51c442f1b83d	identifier	urn:ietf:rfc:3986	urn:oid:2.16.840.1.113883.4.642.3.1307
2b79407d-27c3-4341-8c6a-7d05ec5f7537	identifier	urn:ietf:rfc:3986	urn:oid:2.16.840.1.113883.4.642.3.26
820c2186-ac74-455e-97ad-457461147bc3	identifier	urn:ietf:rfc:3986	urn:oid:2.16.840.1.113883.3.88.12.80.72
76910eac-14d0-4590-a601-16a1e53c4073	identifier	urn:ietf:rfc:3986	urn:oid:2.16.840.1.113883.4.642.3.478
989f05ca-1bd2-4170-af6d-17b494accebd	identifier	urn:ietf:rfc:3986	urn:oid:2.16.840.1.113883.4.642.3.462
fc368ff4-156e-492f-9901-c28331b48bec	identifier	urn:ietf:rfc:3986	urn:oid:2.16.840.1.113883.4.642.3.831
21877ddf-9404-4d03-b2e0-e71926bf05ce	identifier	urn:ietf:rfc:3986	urn:oid:2.16.840.1.113883.4.642.3.0
735f1f4b-5dd6-4a7d-a947-944ed7f5c912	identifier	urn:ietf:rfc:3986	urn:oid:2.16.840.1.113883.4.642.3.801
df558b36-8809-404d-b290-b6bed1083397	identifier	urn:ietf:rfc:3986	urn:oid:2.16.840.1.113883.4.642.3.1343
b4c1defd-d17a-4c77-9d27-127b13511d72	identifier	urn:ietf:rfc:3986	urn:oid:2.16.840.1.113883.4.642.3.552
35db35c3-1c73-4bdf-9c7e-765d8d154dd7	identifier	urn:ietf:rfc:3986	urn:oid:2.16.840.1.113883.4.642.3.429
480a72d8-a789-4324-b46f-62628407f836	identifier	urn:ietf:rfc:3986	urn:oid:2.16.840.1.113883.4.642.3.502
ad5e29e6-3610-4f9f-9f38-22901aeb86a6	identifier	urn:ietf:rfc:3986	urn:oid:2.16.840.1.113883.4.642.3.815
b502700e-19b5-4f87-8969-47afc46656cc	identifier	urn:ietf:rfc:3986	urn:oid:2.16.840.1.113883.4.642.3.786
786aa460-d7b3-48cc-ab60-a7ce5cd8cf89	identifier	urn:ietf:rfc:3986	urn:oid:2.16.840.1.113883.4.642.3.1333
3c91d8a8-d944-4497-be4c-cfd172f1a27b	identifier	urn:ietf:rfc:3986	urn:oid:2.16.840.1.113883.4.642.3.168
a0f38e74-63b1-4876-8ab7-1f13b06c3b80	identifier	urn:ietf:rfc:3986	urn:oid:2.16.840.1.113883.4.642.3.550
cd29176f-47c1-4ddd-938a-562a33ac59c2	identifier	urn:ietf:rfc:3986	urn:oid:2.16.840.1.113883.4.642.3.1401
dc30714e-a85a-491a-ba65-5a16500aa8f9	identifier	urn:ietf:rfc:3986	urn:oid:2.16.840.1.113883.4.642.3.473
bcad074d-87a6-40b3-9e00-88c3de612457	identifier	urn:ietf:rfc:3986	urn:oid:2.16.840.1.113883.4.642.3.17
d4c52ac4-9974-44a2-ac7b-5438063dcdb9	identifier	urn:ietf:rfc:3986	urn:oid:2.16.840.1.113883.4.642.3.211
7826a3eb-10a3-46eb-ba15-36198b5d9a32	identifier	urn:ietf:rfc:3986	urn:oid:2.16.840.1.113883.4.642.3.161
53488583-62b7-41c8-86e5-2455a84e837a	identifier	urn:ietf:rfc:3986	urn:oid:2.16.840.1.113883.4.642.3.148
cb8d5a19-5887-4407-b271-2f9e64e47468	identifier	urn:ietf:rfc:3986	urn:oid:2.16.840.1.113883.4.642.3.967
3c7f8823-62dc-44a8-bee9-61fc11041014	identifier	urn:ietf:rfc:3986	urn:oid:2.16.840.1.113883.4.642.3.811
1ef21406-2145-4d7b-81d7-9b3dd5265779	identifier	urn:ietf:rfc:3986	urn:oid:2.16.840.1.113883.4.642.3.572
31ded54a-5863-4083-8291-178b33b5902a	identifier	urn:ietf:rfc:3986	urn:oid:2.16.840.1.113883.4.642.3.484
cf200a4c-927d-4872-9ce0-008e923577c3	identifier	urn:ietf:rfc:3986	urn:oid:2.16.840.1.113883.4.642.3.115
e2df43f2-464c-4ece-8ef4-e715d2e05d26	identifier	urn:ietf:rfc:3986	urn:oid:2.16.840.1.113883.4.642.3.435
875cca46-6def-4899-b65e-056cdb1ed895	identifier	urn:ietf:rfc:3986	urn:oid:2.16.840.1.113883.3.1937.98.11.8
a2e7363d-9cfc-4fb6-856d-54445cf7f698	identifier	urn:ietf:rfc:3986	urn:oid:2.16.840.1.113883.4.642.3.380
251871ff-008d-46d0-8dd2-c865177ac3b3	identifier	urn:ietf:rfc:3986	urn:oid:2.16.840.1.113883.4.642.3.666
536dee0b-1c38-4ff1-ade5-9cc2242cdd4b	identifier	urn:ietf:rfc:3986	urn:oid:2.16.840.1.113883.4.642.3.1372
7a43054a-5eb0-404a-a72f-db1b94a62d56	identifier	urn:ietf:rfc:3986	urn:oid:2.16.840.1.113883.4.642.3.1405
0f96e210-58d9-40c7-b20f-f0a1bc39ccf8	identifier	urn:ietf:rfc:3986	urn:oid:2.16.840.1.113883.4.642.3.305
93354abf-4402-43fa-92e0-492f407c3ffb	identifier	urn:ietf:rfc:3986	urn:oid:2.16.840.1.113883.4.642.3.157
854d74d7-962c-4de0-b576-bdc9c3315bbb	identifier	urn:ietf:rfc:3986	urn:oid:2.16.840.1.113883.4.642.3.443
b35b7351-a612-47fe-bcd7-6e3d0bff1a3e	identifier	urn:ietf:rfc:3986	urn:oid:2.16.840.1.113883.4.642.3.624
372f01de-a466-4637-977d-bd7d069ac508	identifier	urn:ietf:rfc:3986	urn:oid:2.16.840.1.113883.4.642.3.784
5332676d-8344-4e2d-8561-7c2b8b945e1a	identifier	urn:ietf:rfc:3986	urn:oid:2.16.840.1.113883.3.88.12.80.46
945338a8-3069-4ef3-9669-619443593095	identifier	urn:ietf:rfc:3986	urn:oid:2.16.840.1.113883.4.642.3.370
16c14c50-ac85-4f4d-9eb9-5ad31cee4cc2	identifier	urn:ietf:rfc:3986	urn:oid:2.16.840.1.113883.4.642.3.937
62e7529a-6589-41dc-8abd-d3a04ecdaf54	identifier	urn:ietf:rfc:3986	urn:oid:2.16.840.1.113883.4.642.3.237
480af5ce-e6bb-49bf-b207-2bc29851bd88	identifier	urn:ietf:rfc:3986	urn:oid:2.16.840.1.113883.4.642.3.1293
1c04fe5f-29e5-4615-a799-85929b1c1f00	identifier	urn:ietf:rfc:3986	urn:oid:2.16.840.1.113883.4.642.3.743
4dac4caa-afd7-4906-a1a3-f8287378bc42	identifier	urn:ietf:rfc:3986	urn:oid:2.16.840.1.113883.4.642.3.95
1415f6b2-3e02-49a6-be03-560954e364ef	identifier	urn:ietf:rfc:3986	urn:oid:2.16.840.1.113883.4.642.3.761
3877da6b-1307-4b2e-aa55-293367090f25	identifier	urn:ietf:rfc:3986	urn:oid:2.16.840.1.113883.4.642.3.77
0fb0d363-0719-4808-9441-92ece5140af0	identifier	urn:ietf:rfc:3986	urn:oid:2.16.840.1.113883.4.642.3.178
2dca9d8d-330a-42de-9cb2-f430f52cde6a	identifier	urn:ietf:rfc:3986	urn:oid:2.16.840.1.113883.4.642.3.955
07f6877e-fbbf-4fcf-a0e5-b5470f48537f	identifier	urn:ietf:rfc:3986	urn:oid:2.16.840.1.113883.4.642.3.19
7cb7f7d4-0c9e-4a8a-98ee-99e8464923cd	identifier	urn:ietf:rfc:3986	urn:oid:2.16.840.1.113883.4.642.3.120
0b08101d-96ef-49d2-bc52-bbcd54290718	identifier	urn:ietf:rfc:3986	urn:oid:2.16.840.1.113883.4.642.3.1335
87f204d0-8218-4ab1-a650-628d981a4da5	identifier	urn:ietf:rfc:3986	urn:oid:2.16.840.1.113883.4.642.3.1240
717c4203-3096-4195-a6b4-37f93b6e9177	identifier	urn:ietf:rfc:3986	urn:oid:2.16.840.1.113883.4.642.3.902
91269687-c605-4950-aa0f-87574cb609b9	identifier	urn:ietf:rfc:3986	urn:oid:2.16.840.1.113883.4.642.3.388
64117bc8-ad2e-497f-8209-3904a4c8a517	identifier	urn:ietf:rfc:3986	urn:oid:2.16.840.1.113883.4.642.3.1359
f22df76d-b40b-48d4-aacf-16c2b0f5638b	identifier	urn:ietf:rfc:3986	urn:oid:2.16.840.1.113883.4.642.3.538
9708f606-ec29-48e4-99b0-a1d9f0580649	identifier	urn:ietf:rfc:3986	urn:oid:2.16.840.1.113883.3.912
21732d1c-d126-4df8-8414-1050c3661fe3	identifier	urn:ietf:rfc:3986	urn:oid:2.16.840.1.113883.4.642.3.205
e034ebff-ef19-4a78-b84b-126c57c36d19	identifier	urn:ietf:rfc:3986	urn:oid:2.16.840.1.113883.4.642.3.216
2bbc1222-5493-4b10-92d3-6071e9dcc36e	identifier	urn:ietf:rfc:3986	urn:oid:2.16.840.1.113883.4.642.3.778
9c712fe5-d798-4862-bbf9-22c2054ef320	identifier	urn:ietf:rfc:3986	urn:oid:2.16.840.1.113883.4.642.3.586
60f6492b-ede6-4456-b367-cec2e05211aa	identifier	urn:ietf:rfc:3986	urn:oid:2.16.840.1.113883.4.642.3.1353
a9de3184-1633-47da-9254-974c01923fe3	identifier	urn:ietf:rfc:3986	urn:oid:2.16.840.1.113883.4.642.3.924
f599989d-132b-470c-92a5-29700b26860f	identifier	urn:ietf:rfc:3986	urn:oid:2.16.840.1.113883.4.642.3.96
42c94ed4-4281-424e-b39f-95c7ab418a60	identifier	urn:ietf:rfc:3986	urn:oid:2.16.840.1.113883.4.642.3.554
6921b8ee-965b-4cc8-9f46-1b0d04e67d28	identifier	urn:ietf:rfc:3986	urn:oid:2.16.840.1.113883.4.642.3.763
682b83e5-7987-4ffc-b287-24bccc0da6f0	identifier	urn:ietf:rfc:3986	urn:oid:2.16.840.1.113883.4.642.3.912
9ef82a94-0b39-49d2-8231-fda727530dfa	identifier	urn:ietf:rfc:3986	urn:oid:2.16.840.1.113883.4.642.3.186
a0a0fa8b-0e62-4b06-90f3-0baf7654c34d	identifier	urn:ietf:rfc:3986	urn:oid:2.16.840.1.113883.4.642.3.568
8b8704c7-0cbd-44e2-85ab-930003ade86b	identifier	urn:ietf:rfc:3986	urn:oid:2.16.840.1.113883.4.642.3.1337
bc9faffa-da94-42da-8992-88a119a9bfd3	identifier	urn:ietf:rfc:3986	urn:oid:2.16.840.1.113883.4.642.3.291
cb385a6b-ecd9-4c05-b751-1a93e1f89f8e	identifier	urn:ietf:rfc:3986	urn:oid:2.16.840.1.113883.4.642.3.1040
467ab51f-5ba7-4af6-8759-2dd71eadfcad	identifier	urn:ietf:rfc:3986	urn:oid:2.16.840.1.113883.4.642.3.22
248bc538-6548-48dd-8b2c-7aac86adc4b8	identifier	urn:ietf:rfc:3986	urn:oid:2.16.840.1.113883.4.642.3.998
555a175f-6b1f-44b9-a336-7db85c63d9f1	identifier	urn:ietf:rfc:3986	urn:oid:2.16.840.1.113883.4.642.3.1208
7dd7431f-c82e-490a-ab78-34bd80d61ffa	identifier	urn:ietf:rfc:3986	urn:oid:2.16.840.1.113883.4.642.3.972
2621059c-b0da-4a3d-97b5-368f7f57a0a7	identifier	urn:ietf:rfc:3986	urn:oid:2.16.840.1.113883.4.642.3.397
fea70534-ff02-4277-8581-983f08759d26	identifier	urn:ietf:rfc:3986	urn:oid:2.16.840.1.113883.4.642.3.105
32b524ba-f8c8-4ae7-a351-c5c95ec58eb1	identifier	urn:ietf:rfc:3986	urn:oid:2.16.840.1.113883.4.642.3.1026
401440f6-faed-4899-8850-4facdc93ab0e	identifier	urn:ietf:rfc:3986	urn:oid:2.16.840.1.113883.4.642.3.55
8a4b7e49-b131-49cf-aa99-f378d625a6aa	identifier	urn:ietf:rfc:3986	urn:oid:2.16.840.1.113883.4.642.3.65
70f113b5-2990-4de3-bb2d-ba766c91bf48	identifier	urn:ietf:rfc:3986	urn:oid:2.16.840.1.113883.4.642.3.921
a3e2585b-7661-48d6-85f9-18ca754e3a02	identifier	urn:ietf:rfc:3986	urn:oid:2.16.840.1.113883.4.642.3.548
9ff3520a-c3c5-4823-9fb9-57d55e7d6322	identifier	urn:ietf:rfc:3986	urn:oid:2.16.840.1.113883.4.642.3.558
acf0defe-4f65-451f-9b72-416d56b78729	identifier	urn:ietf:rfc:3986	urn:oid:2.16.840.1.113883.4.642.3.1041
1bcb2075-b55e-4e92-b07f-23bcedf49600	identifier	urn:ietf:rfc:3986	urn:oid:2.16.840.1.113883.3.88.12.80.67
c44e8710-6649-40eb-8147-81f36431dcbd	identifier	urn:ietf:rfc:3986	urn:oid:2.16.840.1.113883.4.642.3.917
ea7a8172-5172-49ae-a034-8584de63fb6a	identifier	urn:ietf:rfc:3986	urn:oid:2.16.840.1.113883.4.642.3.403
7e0bd832-5496-4af7-a28c-3dd7e693a9d7	identifier	urn:ietf:rfc:3986	urn:oid:2.16.840.1.113883.4.642.3.868
1007f828-68fb-475b-95c1-e8c41a3526a1	identifier	urn:ietf:rfc:3986	urn:oid:2.16.840.1.113883.4.642.3.512
d9950fd6-a62a-45dc-acb9-23b508c7b2d2	identifier	urn:ietf:rfc:3986	urn:oid:2.16.840.1.113883.4.642.3.1020
07397f7e-73cc-4b3c-83e3-a95a78fca226	identifier	urn:ietf:rfc:3986	urn:oid:2.16.840.1.113883.4.642.3.155
9ced08df-5935-439f-849a-244a1871aca0	identifier	urn:ietf:rfc:3986	urn:oid:2.16.840.1.113883.4.642.3.1331
2aa43d1d-e760-4bd4-9650-efefadd423c2	identifier	urn:ietf:rfc:3986	urn:oid:2.16.840.1.113883.4.642.3.654
54b44a65-5297-4702-9ef0-c08a11b1aa28	identifier	urn:ietf:rfc:3986	urn:oid:2.16.840.1.113883.4.642.3.438
bc7e6b3e-ff9a-4828-9416-6b1ca1fdbc14	identifier	urn:ietf:rfc:3986	urn:oid:2.16.840.1.113883.4.642.3.957
be6904c5-2153-490a-b892-5f7fa5f86645	identifier	urn:ietf:rfc:3986	urn:oid:2.16.840.1.113883.4.642.3.582
b43f5077-e21d-46f7-a8ec-92390a0c3e02	identifier	urn:ietf:rfc:3986	urn:oid:2.16.840.1.113883.4.642.3.246
ae791f36-9ff8-448a-b098-ccbdb9597a8c	identifier	urn:ietf:rfc:3986	urn:oid:2.16.840.1.113883.4.642.3.213
2b102ab1-4465-40d8-9356-5ccdf3b54491	identifier	urn:ietf:rfc:3986	urn:oid:2.16.840.1.113883.4.642.3.1391
7ce71d24-09ce-446f-b166-dc2bc08577f6	identifier	urn:ietf:rfc:3986	urn:oid:2.16.840.1.113883.4.642.3.233
1425ca21-1689-4cfe-aa6a-80f278878462	identifier	urn:ietf:rfc:3986	urn:oid:2.16.840.1.113883.4.642.3.913
c445075a-30d2-458a-87dd-d5a67d5b8c77	identifier	urn:ietf:rfc:3986	urn:oid:2.16.840.1.113883.4.642.3.981
d5fc4758-30d9-4574-acb5-205e34c41c54	identifier	urn:ietf:rfc:3986	urn:oid:2.16.840.1.113883.4.642.3.133
0f2e455f-1bb1-470b-ba39-f750c12e3bae	identifier	urn:ietf:rfc:3986	urn:oid:2.16.840.1.113883.4.642.3.731
6d70bd10-80ad-49aa-bc78-c97fc3a692a8	identifier	urn:ietf:rfc:3986	urn:oid:2.16.840.1.113883.4.642.3.1210
f20d3327-f266-40bb-9f6b-4e25f097bf7d	identifier	urn:ietf:rfc:3986	urn:oid:2.16.840.1.113883.4.642.3.488
17f56d86-71c1-48a5-9df8-b4e9f4a34684	identifier	urn:ietf:rfc:3986	urn:oid:2.16.840.1.113883.4.642.3.1347
7afc0765-5f87-4f9b-b87f-7c43f5481573	identifier	urn:ietf:rfc:3986	urn:oid:2.16.840.1.113883.4.642.3.196
cd91cfe5-dd94-4ad3-bd4a-c2c6eaae2efb	identifier	urn:ietf:rfc:3986	urn:oid:2.16.840.1.113883.4.642.3.293
715450fd-b3a1-4063-b21c-c138442808e9	identifier	urn:ietf:rfc:3986	urn:oid:2.16.840.1.113883.4.642.3.1056
c2b9cdd3-4993-45b7-ac9f-69f37a502e5f	identifier	urn:ietf:rfc:3986	urn:oid:2.16.840.1.113883.4.642.3.223
e7cf469b-8316-4684-83b5-948f332d8a98	identifier	urn:ietf:rfc:3986	urn:oid:2.16.840.1.113883.4.642.3.856
96da4a94-35c8-4260-b6ab-ff11a5fe16bf	identifier	urn:ietf:rfc:3986	urn:oid:2.16.840.1.113883.4.642.3.850
4656a149-5c1c-455e-9709-35e836717e01	identifier	urn:ietf:rfc:3986	urn:oid:2.16.840.1.113883.4.642.3.1305
ff8e8ae6-7ad9-454f-99c2-c42f12915d96	identifier	urn:ietf:rfc:3986	urn:oid:2.16.840.1.113883.4.642.3.656
83acaba8-e650-45c6-8b40-e38d229b219a	identifier	urn:ietf:rfc:3986	urn:oid:2.16.840.1.113883.4.642.3.1044
6dfcc776-4be0-45f3-a3bc-6277a7464e46	identifier	urn:ietf:rfc:3986	urn:oid:2.16.840.1.113883.4.642.3.31
919b3c60-6835-430f-9be3-435e06df404e	identifier	urn:ietf:rfc:3986	urn:oid:2.16.840.1.113883.4.642.3.697
aa65beee-3598-498d-9fa9-aa8f91e29541	identifier	urn:ietf:rfc:3986	urn:oid:2.16.840.1.113883.4.642.3.458
c7e827ed-961a-4a39-b122-3f0d9e433dde	identifier	urn:ietf:rfc:3986	urn:oid:2.16.840.1.113883.4.642.3.456
ee2a7b27-9074-4bf1-8f7b-179faa017f48	identifier	urn:ietf:rfc:3986	urn:oid:2.16.840.1.113883.4.642.3.662
fd1d62fd-70e5-42a9-9e97-3f7378cf43e4	identifier	urn:ietf:rfc:3986	urn:oid:2.16.840.1.113883.4.642.3.392
c071ea6f-4dc7-49f3-b3a8-8a01a0fa9adc	identifier	urn:ietf:rfc:3986	urn:oid:2.16.840.1.113883.4.642.3.699
037ad6dd-8190-4091-97d8-c727cb5f3f6a	identifier	urn:ietf:rfc:3986	urn:oid:2.16.840.1.113883.4.642.3.821
5f1f4eb6-f244-4c12-a90f-d5e404a8d1ec	identifier	urn:ietf:rfc:3986	urn:oid:2.16.840.1.113883.4.642.3.848
35450ada-c83f-4601-8bc5-d85ba0ffded3	identifier	urn:ietf:rfc:3986	urn:oid:2.16.840.1.113883.4.642.3.960
c9905eab-48d8-47de-9784-8f05a54dd5b9	identifier	urn:ietf:rfc:3986	urn:oid:2.16.840.1.113883.4.642.3.471
82ae9aed-a8c6-48cb-923c-d52aa85c89a4	identifier	urn:ietf:rfc:3986	urn:oid:2.16.840.1.113883.4.642.3.884
2f3abfbd-3bdc-4a98-932b-d3af9c32c0c6	identifier	urn:ietf:rfc:3986	urn:oid:2.16.840.1.113883.4.642.3.176
4287f62a-7fa8-4bdb-ba9a-a644b852e347	identifier	urn:ietf:rfc:3986	urn:oid:2.16.840.1.113883.4.642.3.389
785097e9-33c5-456f-8e3e-ae4c827bb685	identifier	urn:ietf:rfc:3986	urn:oid:2.16.840.1.113883.4.642.3.637
77aafe94-1ae8-474e-92d7-db3cf5cb1e17	identifier	urn:ietf:rfc:3986	urn:oid:2.16.840.1.113883.4.642.3.378
9b2ab071-3c66-4fac-9b07-86b5768a0032	identifier	urn:ietf:rfc:3986	urn:oid:2.16.840.1.113883.4.642.3.797
dfa5ac4f-cd3a-4dae-a764-49c69f52902f	identifier	urn:iso:std:iso:11073:10101	urn:oid:2.16.840.1.113883.6.24
dfa5ac4f-cd3a-4dae-a764-49c69f52902f	identifier	urn:ietf:rfc:3986	urn:oid:2.16.840.1.113883.4.642.3.645
7607e217-b3a6-4f78-938b-f881ddeeb8c8	identifier	urn:ietf:rfc:3986	urn:oid:2.16.840.1.113883.3.88.12.80.22
f3f51bb8-adef-421e-856d-fb35fc91d536	identifier	urn:ietf:rfc:3986	urn:oid:2.16.840.1.113883.4.642.3.1045
6d58b95c-e2b3-4af1-8f74-4c97e82146e9	identifier	urn:ietf:rfc:3986	urn:oid:2.16.840.1.113883.4.642.3.646
2da764c6-55e4-46d6-811b-4c4915c066aa	identifier	urn:ietf:rfc:3986	urn:oid:2.16.840.1.113883.4.642.3.540
780b407c-8ec9-4013-bc87-881a90c6f315	identifier	urn:ietf:rfc:3986	urn:oid:2.16.840.1.113883.4.642.3.1309
a28669dd-9f57-4c74-820a-fdc83bce0774	identifier	urn:ietf:rfc:3986	urn:oid:2.16.840.1.113883.4.642.3.118
d8fefbea-afa0-4c46-b230-eff36ce264c0	identifier	urn:ietf:rfc:3986	urn:oid:1.2.840.10008.6.​1.​811
b7ccb7c7-309f-47dc-89d8-893eebe32a70	identifier	urn:ietf:rfc:3986	urn:oid:2.16.840.1.113883.4.642.3.532
dae26757-4b3e-414a-b27f-9d20b4cb19d2	identifier	urn:ietf:rfc:3986	urn:oid:2.16.840.1.113883.4.642.3.931
460ca41a-2a5c-49e6-ad17-2fe6971181b3	identifier	urn:ietf:rfc:3986	urn:oid:2.16.840.1.113883.4.642.3.620
2643a9d2-182c-4128-a969-faaa15a2a481	identifier	urn:ietf:rfc:3986	urn:oid:2.16.840.1.113883.4.642.3.898
35ddfb6d-aa24-48ad-9ea6-48c4127d19cd	identifier	urn:ietf:rfc:3986	urn:oid:2.16.840.1.113883.4.642.3.724
5e322296-56d4-4a07-8590-3c90dab689d8	identifier	urn:ietf:rfc:3986	urn:oid:2.16.840.1.113883.4.642.3.606
2b9b001e-cade-494e-8d0a-5ea11e2fc9e6	identifier	urn:ietf:rfc:3986	urn:oid:2.16.840.1.113883.4.642.3.62
12a20a07-1a8c-43e8-af5c-ae4921a8cdcc	identifier	urn:ietf:rfc:3986	urn:oid:2.16.840.1.113883.4.642.3.1021
17442087-03bc-405a-8beb-00a686c02c5b	identifier	urn:ietf:rfc:3986	urn:oid:2.16.840.1.113883.4.642.3.959
d67b2d19-8a5c-4a3f-a1f7-94bc82257ead	identifier	urn:ietf:rfc:3986	urn:oid:2.16.840.1.113883.4.642.3.78
8c40246c-7d44-4142-9581-5bc2214f7c24	identifier	urn:ietf:rfc:3986	urn:oid:2.16.840.1.113883.4.642.3.1361
fc3d0945-8e84-4869-aefe-85250da6e87e	identifier	urn:ietf:rfc:3986	urn:oid:2.16.840.1.113883.4.642.3.989
9ceed473-3edf-42c5-911a-8b9d5837e3e7	identifier	urn:ietf:rfc:3986	urn:oid:2.16.840.1.113883.4.642.3.990
6ca4ab61-e2f4-49cb-8855-ac616421e73e	identifier	urn:ietf:rfc:3986	urn:oid:2.16.840.1.113883.4.642.3.706
bfdc17a1-2b35-4ac3-b37f-a864ee12f83e	identifier	urn:ietf:rfc:3986	urn:oid:2.16.840.1.113883.4.642.3.794
77827329-3bfd-4b68-aaa4-6838ab2c7195	identifier	urn:ietf:rfc:3986	urn:oid:2.16.840.1.113883.4.642.3.1009
379a369e-1de3-4f46-b486-6a5a63bb55cc	identifier	urn:ietf:rfc:3986	urn:oid:2.16.840.1.113883.4.642.3.675
435d4a88-d950-43f6-b5d5-b45bbe36dcf5	identifier	urn:ietf:rfc:3986	urn:oid:2.16.840.1.113883.4.642.3.1389
3f915b25-6f9d-4cdc-8b18-004d2a8798a4	identifier	urn:ietf:rfc:3986	urn:oid:2.16.840.1.113883.4.642.3.264
087986fe-f44e-40f8-8775-c06b5c68a74b	identifier	urn:ietf:rfc:3986	urn:oid:2.16.840.1.113883.4.642.3.498
6bdb830b-a456-4acb-849c-69f53492456a	identifier	urn:ietf:rfc:3986	urn:oid:2.16.840.1.113883.4.642.3.894
e63b514a-122e-4b3d-995d-a42743983a26	identifier	urn:ietf:rfc:3986	urn:oid:2.16.840.1.113883.4.642.3.896
4d0c5abd-0f24-4cf6-8020-7c2d48875915	identifier	urn:ietf:rfc:3986	urn:oid:2.16.840.1.113883.4.642.3.474
be8e0c7f-19de-4304-b115-dc7676109462	identifier	urn:ietf:rfc:3986	urn:oid:2.16.840.1.113883.4.642.3.235
6d1aa651-d559-4bda-9b3a-0330d97b122e	identifier	urn:ietf:rfc:3986	urn:oid:2.16.840.1.113883.4.642.3.450
49d63812-4693-4a51-900c-e6cf5578e60b	identifier	urn:ietf:rfc:3986	urn:oid:2.16.840.1.113883.4.642.3.1218
385fe23e-a59d-465f-824b-b532c734b717	identifier	urn:ietf:rfc:3986	urn:oid:2.16.840.1.113883.4.642.3.250
2d4e1a6d-e5ec-4320-ac8a-570c203b5ccd	identifier	urn:ietf:rfc:3986	urn:oid:2.16.840.1.113883.4.642.3.468
1c57c6da-a702-4838-882b-c6f4461b801a	identifier	urn:ietf:rfc:3986	urn:oid:2.16.840.1.113883.4.642.3.98
57f554da-4f90-4793-9346-3d3281381098	identifier	urn:ietf:rfc:3986	urn:oid:2.16.840.1.113883.4.642.3.1385
20fe7946-06f1-4c93-8f06-75c0ba2af525	identifier	urn:ietf:rfc:3986	urn:oid:2.16.840.1.113883.4.642.3.1398
6b70f404-52c4-4f5b-a71a-90ac18ca8c15	identifier	urn:ietf:rfc:3986	urn:oid:2.16.840.1.113883.4.642.3.813
37a59834-c5a5-48dd-ab57-69791be66efc	identifier	urn:ietf:rfc:3986	urn:oid:2.16.840.1.113883.4.642.3.59
bb6aa324-eedf-40cb-99ee-279aefc9b83f	identifier	urn:ietf:rfc:3986	urn:oid:2.16.840.1.113883.4.642.3.909
971213a6-294e-4bdb-8b55-75919140967b	identifier	urn:ietf:rfc:3986	urn:oid:2.16.840.1.113883.4.642.3.745
54d9987c-8fb1-48ef-8398-c30fb2e38bbc	identifier	urn:ietf:rfc:3986	urn:oid:2.16.840.1.113883.4.642.3.71
30aaaf89-c707-4a28-9ec2-ec849e4019ba	identifier	urn:ietf:rfc:3986	urn:oid:2.16.840.1.113883.4.642.3.436
46c4da6f-b800-45f0-ac6b-f69f5210aa26	identifier	urn:ietf:rfc:3986	urn:oid:2.16.840.1.113883.4.642.3.588
9e9d52a9-8337-4473-baf3-c514da7ef981	identifier	urn:ietf:rfc:3986	urn:oid:2.16.840.1.113883.4.642.3.284
bebe1e6d-b477-460c-b4a0-38ed5c77a88e	identifier	urn:ietf:rfc:3986	urn:oid:2.16.840.1.113883.4.642.3.622
f10c3bb9-d42d-461f-b609-4e2ff9089779	identifier	urn:ietf:rfc:3986	urn:oid:2.16.840.1.113883.4.642.3.432
422caf95-f8b7-41a5-90b0-04f49bafbc40	identifier	urn:ietf:rfc:3986	urn:oid:2.16.840.1.113883.4.642.3.726
0be4a0d1-8b34-4c96-a812-863d3b526ca3	identifier	urn:ietf:rfc:3986	urn:oid:2.16.840.1.113883.4.642.3.514
24045253-2a5e-48e9-9205-90e97145ea03	identifier	urn:ietf:rfc:3986	urn:oid:2.16.840.1.113883.4.642.3.1025
5f2c7614-9bfb-4d08-acb9-5cb8b8fda560	identifier	urn:ietf:rfc:3986	urn:oid:2.16.840.1.113883.4.642.3.29
80c2806b-3178-4197-a38d-af1b46500e29	identifier	urn:ietf:rfc:3986	urn:oid:2.16.840.1.113883.4.642.3.7
71a8e4a5-574d-41e5-a146-1d5d871e453e	identifier	urn:ietf:rfc:3986	urn:oid:2.16.840.1.113883.4.642.3.101
95d41b8a-f6f9-4518-9669-03b5ab546b26	identifier	urn:ietf:rfc:3986	urn:oid:2.16.840.1.113883.4.642.3.809
0a4fb9ee-7985-472d-8014-5a10a5961206	identifier	urn:ietf:rfc:3986	urn:oid:2.16.840.1.113883.4.642.3.1363
8e11372f-71e3-4e75-bfb5-7dd2a5e65d8c	identifier	urn:ietf:rfc:3986	urn:oid:2.16.840.1.113883.4.642.3.911
3645546b-b7f7-4ac9-a3dc-478768f211ba	identifier	urn:ietf:rfc:3986	urn:oid:2.16.840.1.113883.4.642.3.643
bdf34cc5-ac0e-46b6-a56f-74183abb884a	identifier	urn:ietf:rfc:3986	urn:oid:2.16.840.1.113883.4.642.3.169
3b06f776-6d53-41a2-bb77-bf18f3dbe828	identifier	urn:ietf:rfc:3986	urn:oid:2.16.840.1.113883.4.642.3.271
211decb1-1047-4435-bdcc-42486fb80f8b	identifier	urn:ietf:rfc:3986	urn:oid:2.16.840.1.113883.4.642.3.248
c316dc5a-6b56-45d9-af7e-7b24cff66263	identifier	urn:ietf:rfc:3986	urn:oid:2.16.840.1.113883.4.642.3.922
8421f851-d406-43b1-947f-6b0808afa3e7	identifier	urn:ietf:rfc:3986	urn:oid:2.16.840.1.113883.4.642.3.722
59428d81-4332-4c51-9cc6-9f63cb17fe5c	identifier	urn:ietf:rfc:3986	urn:oid:2.16.840.1.113883.4.642.3.280
41da92aa-32d8-4193-bf6b-0260dbaf9587	identifier	urn:ietf:rfc:3986	urn:oid:2.16.840.1.113883.4.642.3.299
a0a322dd-f417-441b-b153-df0d81bf2477	identifier	urn:ietf:rfc:3986	urn:oid:2.16.840.1.113883.4.642.3.1058
12b7f85e-405e-44f9-a52c-1778619a57fa	identifier	urn:ietf:rfc:3986	urn:oid:2.16.840.1.113883.4.642.3.322
4160a364-06ce-471b-bbc0-fcf121284276	identifier	urn:ietf:rfc:3986	urn:oid:2.16.840.1.113883.4.642.3.83
87fa267d-3979-4cb5-bc2c-8a714973a09b	identifier	urn:ietf:rfc:3986	urn:oid:2.16.840.1.113883.4.642.3.160
39b88a21-3fdc-4c0e-b2b1-68f6a8794e41	identifier	urn:ietf:rfc:3986	urn:oid:2.16.840.1.113883.4.642.3.89
f1ca6508-bc07-48db-8fa4-49ad02a155a5	identifier	urn:ietf:rfc:3986	urn:oid:2.16.840.1.113883.4.642.3.1001
6bf820f1-f41b-4b8c-9f19-aab7518601ac	identifier	urn:ietf:rfc:3986	urn:oid:2.16.840.1.113883.4.642.3.1383
7002e851-8417-4b8c-8301-6071f3361150	identifier	urn:ietf:rfc:3986	urn:oid:2.16.840.1.113883.4.642.3.1047
d32732c2-29db-4080-8b9b-9d60a3684e03	identifier	urn:ietf:rfc:3986	urn:oid:2.16.840.1.113883.4.642.3.765
8399cfd5-4db6-468d-b8e0-548fbba7e077	identifier	urn:ietf:rfc:3986	urn:oid:2.16.840.1.113883.4.642.3.635
9cb9ec6c-dac2-4889-9750-78779ff6e0ce	identifier	urn:ietf:rfc:3986	urn:oid:2.16.840.1.113883.4.642.3.664
a41b078f-ffe7-49d1-895e-6fb8a534f3e8	identifier	urn:ietf:rfc:3986	urn:oid:2.16.840.1.113883.4.642.3.866
0b9cf1aa-5f8f-414e-a787-5c70fdaa766b	identifier	urn:ietf:rfc:3986	urn:oid:2.16.840.1.113883.4.642.3.890
b36af94e-3058-4eec-9b56-b290eb86eacf	identifier	urn:ietf:rfc:3986	urn:oid:2.16.840.1.113883.4.642.3.111
a0ad87bc-ff2c-4345-bb5c-1b4311f60f4a	identifier	urn:ietf:rfc:3986	urn:oid:2.16.840.1.113883.4.642.3.1291
7fe3faf7-7020-449e-bf48-ba76b19be60f	identifier	urn:ietf:rfc:3986	urn:oid:2.16.840.1.113883.4.642.3.520
f3e4472f-1515-4698-8250-4cf607129536	identifier	urn:ietf:rfc:3986	urn:oid:2.16.840.1.113883.4.642.3.681
93c9061d-5b09-4364-a02c-20f80efa2708	identifier	urn:ietf:rfc:3986	urn:oid:2.16.840.1.113883.4.642.3.390
a53460bc-ffc8-47c5-898c-8abd09deccd2	identifier	urn:ietf:rfc:3986	urn:oid:2.16.840.1.113883.4.642.3.449
cfb2d280-0290-4a81-8081-9ddb73254356	identifier	urn:ietf:rfc:3986	urn:oid:2.16.840.1.113883.4.642.3.342
52b014f0-ef8c-42d5-a88e-cf9111205364	identifier	urn:ietf:rfc:3986	urn:oid:2.16.840.1.113883.4.642.3.427
259e8f7c-2189-4131-b203-5e7546c388b3	identifier	urn:ietf:rfc:3986	urn:oid:2.16.840.1.113883.4.642.3.113
f961faca-6df0-4e43-8217-e4ee150ca69a	identifier	urn:ietf:rfc:3986	urn:oid:2.16.840.1.113883.4.642.3.751
c3808bf4-1286-4d8c-b3fa-52de83c97cdd	identifier	urn:ietf:rfc:3986	urn:oid:2.16.840.1.113883.4.642.3.407
e857ae6a-d10b-4f67-8d45-fc7d1859dc9d	identifier	urn:ietf:rfc:3986	urn:oid:2.16.840.1.113883.4.642.3.1212
b61de8d5-9403-4289-a18f-13d407f33473	identifier	urn:ietf:rfc:3986	urn:oid:2.16.840.1.113883.4.642.3.190
b680b02d-401e-48a0-b7d3-257ffeca1032	identifier	urn:ietf:rfc:3986	urn:oid:2.16.840.1.113883.4.642.3.729
32a53ede-6cdc-4e91-b98b-94608c6a01cd	identifier	urn:ietf:rfc:3986	urn:oid:2.16.840.1.113883.4.642.3.296
35b07f2c-083b-42a4-8d87-f9bf55e93044	identifier	urn:ietf:rfc:3986	urn:oid:2.16.840.1.113883.4.642.3.316
23d1b1a1-f01a-4153-93f6-002e4f63817b	identifier	urn:ietf:rfc:3986	urn:oid:2.16.840.1.113883.4.642.3.1312
df9edc20-f260-4869-9eff-747023551236	identifier	urn:ietf:rfc:3986	urn:oid:2.16.840.1.113883.4.642.3.985
89fb1d61-10d1-4a0c-a566-9cf3bd0b455e	identifier	urn:ietf:rfc:3986	urn:oid:2.16.840.1.113883.4.642.3.1190
66721861-7211-4f0e-9765-eafb76065c09	identifier	urn:ietf:rfc:3986	urn:oid:2.16.840.1.113883.4.642.3.928
4af389e4-f51c-4e7a-8d47-0f30b9cbb16d	identifier	urn:ietf:rfc:3986	urn:oid:2.16.840.1.113883.4.642.3.490
e35bf4a8-498e-4ff7-b82e-1f6764315f10	identifier	urn:ietf:rfc:3986	urn:oid:2.16.840.1.113883.4.642.3.710
4407260b-3e1f-4936-bdd4-81e80e7b4b5a	identifier	urn:ietf:rfc:3986	urn:oid:2.16.840.1.113883.4.642.3.616
0868b7cb-38c8-4d3b-b071-ea474b2789a0	identifier	urn:ietf:rfc:3986	urn:oid:2.16.840.1.113883.4.642.3.395
67bf8a20-93ab-47d4-a1cc-f39b18c1129d	identifier	urn:ietf:rfc:3986	urn:oid:2.16.840.1.113883.4.642.3.817
ccadaf47-fb08-4302-9998-5e52b6da9b6a	identifier	urn:ietf:rfc:3986	urn:oid:2.16.840.1.113883.4.642.3.1018
8cf73b56-b986-43b6-a4e0-9e6fc1503a2c	identifier	urn:ietf:rfc:3986	urn:oid:2.16.840.1.113883.4.642.3.21
e47c19c2-8d03-4391-92db-1d811ceadd2e	identifier	urn:ietf:rfc:3986	urn:oid:2.16.840.1.113883.4.642.3.28
13e141b9-0cd6-40a4-b235-2655a3e1b2c6	identifier	urn:ietf:rfc:3986	urn:oid:2.16.840.1.113883.4.642.3.277
07fbe571-b678-4cbf-a8ac-9fb6ee5353bd	identifier	urn:ietf:rfc:3986	urn:oid:2.16.840.1.113883.4.642.3.747
46dfcd67-37c0-4aa4-8dca-284d20e29bb0	identifier	urn:ietf:rfc:3986	urn:oid:2.16.840.1.113883.4.642.3.141
cff0e3bf-cd18-436e-9ac2-1e8278b89fba	identifier	urn:ietf:rfc:3986	urn:oid:2.16.840.1.113883.4.642.3.164
d714e466-70d2-4682-8116-f8e108cb7c21	identifier	urn:ietf:rfc:3986	urn:oid:2.16.840.1.113883.4.642.3.142
caaac44c-1977-4b27-af5c-205f9c9c3922	identifier	urn:ietf:rfc:3986	urn:oid:2.16.840.1.113883.4.642.3.221
2616af0f-aaba-41f8-bd5a-b51dffa85200	identifier	urn:ietf:rfc:3986	urn:oid:2.16.840.1.113883.4.642.3.836
12c7629d-944d-4965-b221-b0a3cbd006b3	identifier	urn:ietf:rfc:3986	urn:oid:2.16.840.1.113883.4.642.3.1174
76b0afb7-aa10-4a6a-92dd-102c58e6c892	identifier	urn:ietf:rfc:3986	urn:oid:2.16.840.1.113883.4.642.3.170
5ace7aa1-7876-4bb6-ba5f-7ec7e50a0f85	identifier	urn:ietf:rfc:3986	urn:oid:1.3.6.1.4.1.19376.1.2.7.1
4ea19f94-0e85-4da7-8526-757dc9d80e95	identifier	urn:ietf:rfc:3986	urn:oid:2.16.840.1.113883.4.642.3.835
1e83e7d1-91ef-44ea-a4d7-c6292b231676	identifier	urn:ietf:rfc:3986	urn:oid:2.16.840.1.113883.4.642.3.61
d55d76c7-63a0-409c-a60b-903df9055c63	identifier	urn:ietf:rfc:3986	urn:oid:2.16.840.1.113883.4.642.3.1320
4e145d03-340e-4d3f-a8ab-b65df13d8125	identifier	urn:ietf:rfc:3986	urn:oid:2.16.840.1.113883.4.642.3.1236
77ce15dd-1ab1-4e6d-b184-50b90f4ae71e	identifier	urn:ietf:rfc:3986	urn:oid:2.16.840.1.113883.4.642.3.85
f27de503-bdfa-4683-935d-33602fca851d	identifier	urn:ietf:rfc:3986	urn:oid:2.16.840.1.113883.4.642.3.422
de034103-a634-45f0-a0b1-e6e18994bd35	identifier	urn:ietf:rfc:3986	urn:oid:2.16.840.1.113883.4.642.3.854
8576fb9d-c593-464d-a994-c1e28eaef747	identifier	urn:ietf:rfc:3986	urn:oid:2.16.840.1.113883.4.642.3.634
9da60a2f-c5e7-45ca-aa5d-d477530ea7ed	identifier	urn:ietf:rfc:3986	urn:oid:2.16.840.1.113883.4.642.3.1365
165397d2-c2c0-4975-92c4-6bcef42f52f8	identifier	urn:ietf:rfc:3986	urn:oid:1.2.840.10065.1.12
a526ca8e-c96e-4f4d-b113-458252409c21	identifier	urn:ietf:rfc:3986	urn:oid:2.16.840.1.113883.4.642.3.1393
c6f9a078-3b34-425d-968e-7287a0c6c0ea	identifier	urn:ietf:rfc:3986	urn:oid:2.16.840.1.113883.4.642.3.956
32f9b277-326a-4355-b818-b96d60511fc1	identifier	urn:ietf:rfc:3986	urn:oid:2.16.840.1.113883.4.642.3.257
43641e85-2c01-4bf4-987b-5f2bc58dd921	identifier	urn:ietf:rfc:3986	urn:oid:2.16.840.1.113883.4.642.3.410
9b904a88-ff3c-4ce4-9bf9-c976dd8e168d	identifier	urn:ietf:rfc:3986	urn:oid:2.16.840.1.113883.4.642.3.69
c2c48b33-d3da-4009-ab52-d09d79bf5fe8	identifier	urn:ietf:rfc:3986	urn:oid:2.16.840.1.113883.4.642.3.423
139e649d-5119-4160-97f3-355fdf8f1088	identifier	urn:ietf:rfc:3986	urn:oid:2.16.840.1.113883.4.642.3.907
98f0f04d-8fb6-412a-81d5-e504bbee0604	identifier	urn:ietf:rfc:3986	urn:oid:2.16.840.1.113883.4.642.3.542
a61627d0-6cd7-4a03-9657-19753397a058	identifier	urn:ietf:rfc:3986	urn:oid:2.16.840.1.113883.4.642.3.1238
3f954bad-7d38-444a-8cca-9a814a81473d	identifier	urn:ietf:rfc:3986	urn:oid:2.16.840.1.113883.4.642.3.1
2deed54f-95cb-4f09-b5d5-328b95908d66	identifier	urn:ietf:rfc:3986	urn:oid:2.16.840.1.113883.4.642.3.282
1cfcfa98-8d72-4431-9ed1-8fb6c0847cb0	identifier	urn:ietf:rfc:3986	urn:oid:2.16.840.1.113883.4.642.3.1278
5eaca129-240a-484a-adc2-51afa1e08ce1	identifier	urn:ietf:rfc:3986	urn:oid:2.16.840.1.113883.4.642.3.716
3976a97d-c306-43dd-ac75-680bd5969d85	identifier	urn:ietf:rfc:3986	urn:oid:2.16.840.1.113883.4.642.3.926
f97e213c-251a-4f19-849e-e601b8016a57	identifier	urn:ietf:rfc:3986	urn:oid:2.16.840.1.113883.4.642.3.1182
a2a45546-ecf9-42df-a73e-e4d11119fa8a	identifier	urn:ietf:rfc:3986	urn:oid:2.16.840.1.113883.4.642.3.564
48885d6d-9ecb-4611-8cb9-adf6e3501bf3	identifier	urn:ietf:rfc:3986	urn:oid:2.16.840.1.113883.4.642.3.1324
73350326-0dd9-455f-99ad-624761ad1e43	identifier	urn:ietf:rfc:3986	urn:oid:2.16.840.1.113883.4.642.3.184
18809540-779c-438a-a814-ba64366381c7	identifier	urn:ietf:rfc:3986	urn:oid:2.16.840.1.113883.4.642.3.320
febe92c2-7ff3-4f40-8ba3-be0d7cab7e79	identifier	urn:ietf:rfc:3986	urn:oid:2.16.840.1.113883.4.642.3.566
df8a7a0c-4390-44c9-bbde-5ab76b763459	identifier	urn:ietf:rfc:3986	urn:oid:2.16.840.1.113883.4.642.3.702
bf15116f-7fb4-41ed-99b3-a9ac1e2e7045	identifier	urn:ietf:rfc:3986	urn:oid:2.16.840.1.113883.4.642.3.482
a996f892-ff3f-4d44-8775-b7676bcb988c	identifier	urn:ietf:rfc:3986	urn:oid:2.16.840.1.113883.4.642.3.166
58e7dda3-fdfb-4ae8-b5e6-7f64dbcde435	identifier	urn:ietf:rfc:3986	urn:oid:2.16.840.1.113883.4.642.3.309
24187cad-a374-410e-b208-b5089651b018	identifier	urn:ietf:rfc:3986	urn:oid:2.16.840.1.113883.4.642.3.1065
1a9b810d-cca8-47b1-8222-695ce957ca53	identifier	urn:ietf:rfc:3986	urn:oid:2.16.840.1.113883.4.642.3.181
cd219165-4c07-4233-88f2-ba73a9cd7f0e	identifier	urn:ietf:rfc:3986	urn:oid:2.16.840.1.113883.4.642.3.838
0a2429d4-eb31-4802-be8b-f36359a0a627	identifier	urn:ietf:rfc:3986	urn:oid:2.16.840.1.113883.4.642.3.470
fbc2ad07-60a5-4b73-9942-82d6fcd015de	identifier	urn:ietf:rfc:3986	urn:oid:2.16.840.1.113883.4.642.3.927
c28e705c-f660-444d-8f6c-37d724a5571f	identifier	urn:ietf:rfc:3986	urn:oid:2.16.840.1.113883.4.642.3.536
7029794f-d295-42b9-a972-ee83b442fa3b	identifier	urn:ietf:rfc:3986	urn:oid:2.16.840.1.113883.4.642.3.385
dcd1f732-1b22-48a3-8c55-9f9f37a2f296	identifier	urn:ietf:rfc:3986	urn:oid:2.16.840.1.113883.4.642.3.476
5d9ab46b-9efe-4307-accc-ad81a6690971	identifier	urn:ietf:rfc:3986	urn:oid:2.16.840.1.113883.4.642.3.93
a814ea79-7764-45a6-8604-8399156b2f56	identifier	urn:ietf:rfc:3986	urn:oid:2.16.840.1.113883.4.642.3.1290
f5645bd4-728a-427b-827a-ca6d64c6ecae	identifier	urn:ietf:rfc:3986	urn:oid:2.16.840.1.113883.4.642.3.91
ca8fa0ed-ac17-4dc1-9343-4d1adc479560	identifier	urn:ietf:rfc:3986	urn:oid:2.16.840.1.113883.4.642.3.340
b77ad730-047c-4cfe-86b3-b1d9a63db391	identifier	urn:ietf:rfc:3986	urn:oid:2.16.840.1.113883.4.642.3.1282
5200cc09-c81d-46ff-9ada-1584add9b014	identifier	urn:ietf:rfc:3986	urn:oid:2.16.840.1.113883.4.642.3.1314
5ad2997c-ae49-4b5a-8e4b-c7cc22d0b149	identifier	urn:ietf:rfc:3986	urn:oid:2.16.840.1.113883.4.642.3.950
b46eb154-3016-49a3-a1f1-9c0152e47b83	identifier	urn:ietf:rfc:3986	urn:oid:2.16.840.1.113883.4.642.3.1206
46c17c85-91d3-415b-b92f-aba88a41c73d	identifier	urn:ietf:rfc:3986	urn:oid:2.16.840.1.113883.4.642.3.632
7df5964e-4c62-4403-9625-42d46c0b8e96	identifier	urn:ietf:rfc:3986	urn:oid:2.16.840.1.113883.4.642.3.556
f6c7b732-378f-4a59-8fe9-d9d7db966b3d	identifier	urn:ietf:rfc:3986	urn:oid:2.16.840.1.113883.4.642.3.303
e43559ff-75d4-46de-bfa5-b63cdc7e5497	identifier	urn:ietf:rfc:3986	urn:oid:2.16.840.1.113883.4.642.3.15
44dcc92d-9e14-46c6-ae46-4c5312384896	identifier	urn:ietf:rfc:3986	urn:oid:2.16.840.1.113883.4.642.3.109
1b895969-6ae8-4c53-a4ce-846c002500fe	identifier	urn:ietf:rfc:3986	urn:oid:2.16.840.1.113883.4.642.3.441
d1e36040-fc56-40dc-9d5a-6658ff0875ad	identifier	urn:ietf:rfc:3986	urn:oid:2.16.840.1.113883.4.642.3.683
b3d08d24-7db3-4c9a-8612-f252095da226	identifier	urn:ietf:rfc:3986	urn:oid:2.16.840.1.113883.4.642.3.1028
37ea5db5-579f-4b7c-9994-9b6651141d91	identifier	urn:ietf:rfc:3986	urn:oid:2.16.840.1.113883.4.642.3.748
db7978a6-e16d-4faf-97b5-74d044de4f23	identifier	urn:ietf:rfc:3986	urn:oid:2.16.840.1.113883.4.642.3.124
52053b39-0803-4c31-a4ed-1388a813152f	identifier	urn:ietf:rfc:3986	urn:oid:2.16.840.1.113883.4.642.3.1318
311d0534-04b0-40f8-8b7e-e188bc534765	identifier	urn:ietf:rfc:3986	urn:oid:2.16.840.1.113883.4.642.3.1214
7e7efdfa-2822-4d37-86ef-96d390003246	identifier	urn:ietf:rfc:3986	urn:oid:2.16.840.1.113883.4.642.3.693
05390a35-faf5-4e3f-a601-fd0899bf8ed0	identifier	urn:ietf:rfc:3986	urn:oid:2.16.840.1.113883.4.642.3.978
3cb6e55e-da36-4275-81d0-151f4b43cb2d	identifier	urn:ietf:rfc:3986	urn:oid:2.16.840.1.113883.4.642.3.51
0189d7e9-08f4-464a-a9cc-74b9c9136b96	identifier	urn:ietf:rfc:3986	urn:oid:2.16.840.1.113883.4.642.3.608
495d4e35-7832-40bb-8b93-0cb3dfb51280	identifier	urn:ietf:rfc:3986	urn:oid:2.16.840.1.113883.4.642.3.394
c44ecce9-72a2-438b-8e80-8704b35aacfb	identifier	urn:ietf:rfc:3986	urn:oid:2.16.840.1.113883.4.642.3.214
72d6c1fc-fbdd-49b9-904c-46afec026522	identifier	urn:ietf:rfc:3986	urn:oid:2.16.840.1.113883.4.642.3.737
626f5931-532a-4c81-964c-c243dcfcd518	identifier	urn:ietf:rfc:3986	urn:oid:2.16.840.1.113883.4.642.3.966
56564fcc-a95c-4f18-9c35-4597717a233d	identifier	urn:ietf:rfc:3986	urn:oid:2.16.840.1.113883.4.642.3.230
d7df82e2-65ea-4fdf-90a3-853be9a242b8	identifier	urn:ietf:rfc:3986	urn:oid:2.16.840.1.113883.4.642.3.376
3b4e2556-78a2-44e9-b8ca-f39415fb0f0d	identifier	urn:ietf:rfc:3986	urn:oid:2.16.840.1.113883.4.642.3.733
73bbc421-8dba-48c1-9816-7fa84e53e8ac	identifier	urn:ietf:rfc:3986	urn:oid:2.16.840.1.113883.4.642.3.79
9e35d6b0-8b45-45ba-952f-931d6fb99a48	identifier	urn:ietf:rfc:3986	urn:oid:2.16.840.1.113883.4.642.3.81
79455768-be14-4c5c-b25d-f81322a6df58	identifier	urn:ietf:rfc:3986	urn:oid:2.16.840.1.113883.4.642.3.700
d79a63ae-96c5-4b1f-a7c8-b8d9400c8720	identifier	urn:ietf:rfc:3986	urn:oid:2.16.840.1.113883.4.642.3.300
7c40984b-0d3c-4519-bdf3-7701bca09354	identifier	urn:ietf:rfc:3986	urn:oid:2.16.840.1.113883.4.642.3.328
2598b9a3-2e9d-4662-9db5-90f7dbaf9590	identifier	urn:ietf:rfc:3986	urn:oid:2.16.840.1.113883.4.642.3.792
39dfd95d-d3f0-403a-98de-859a45882ff0	identifier	urn:ietf:rfc:3986	urn:oid:2.16.840.1.113883.4.642.3.728
677b3ee2-b912-4f92-a8fb-61bede4ee9e3	identifier	urn:ietf:rfc:3986	urn:oid:2.16.840.1.113883.4.642.3.1370
63d712bf-5e0c-434a-baac-bd0281bab5c4	identifier	urn:ietf:rfc:3986	urn:oid:2.16.840.1.113883.4.642.3.799
a9ae4208-9fdf-41d9-9d46-06e7daa069fa	identifier	urn:ietf:rfc:3986	urn:oid:2.16.840.1.113883.4.642.3.241
4d1a5981-2446-4b71-98c7-42cddaef70df	identifier	urn:ietf:rfc:3986	urn:oid:2.16.840.1.113883.4.642.3.425
6cc1ef51-66a5-4e4a-9417-2a1e821e8270	identifier	urn:ietf:rfc:3986	urn:oid:2.16.840.1.113883.4.642.3.842
9132f978-f155-476e-bc06-93ccaef78c2c	identifier	urn:ietf:rfc:3986	urn:oid:2.16.840.1.113883.4.642.3.755
23f1cbec-6c07-4f00-9c53-5985ff8619db	identifier	urn:ietf:rfc:3986	urn:oid:2.16.840.1.113883.4.642.3.844
b8af9f38-8c87-4340-9b87-51f85bd070c7	identifier	urn:ietf:rfc:3986	urn:oid:2.16.840.1.113883.4.642.3.140
e59acaf3-29bb-4faf-b95c-a47b5b46be0a	identifier	urn:ietf:rfc:3986	urn:oid:2.16.840.1.113883.4.642.3.886
4a4483da-f08a-4ae2-bd38-f00ab4de4374	identifier	urn:ietf:rfc:3986	urn:oid:2.16.840.1.113883.4.642.3.1014
366e46f8-f54e-48cf-9366-05e440ad4fd1	identifier	urn:ietf:rfc:3986	urn:oid:2.16.840.1.113883.4.642.3.444
93b187cd-0de8-47b3-aa48-4fec5adb586a	identifier	urn:ietf:rfc:3986	urn:oid:2.16.840.1.113883.4.642.3.1012
277399f2-5ae9-428c-bbee-d6d9e6f8ae4c	identifier	urn:ietf:rfc:3986	urn:oid:2.16.840.1.113883.4.642.3.430
db4a0357-8ffb-4bb8-8e51-caf177a3caba	identifier	urn:ietf:rfc:3986	urn:oid:2.16.840.1.113883.4.642.3.803
4cc2187b-cb44-448c-ad77-67d65718032e	identifier	urn:ietf:rfc:3986	urn:oid:2.16.840.1.113883.4.642.3.446
acde3b97-73ad-42ea-a65e-411d8cbe6c0b	identifier	urn:ietf:rfc:3986	urn:oid:2.16.840.1.113883.4.642.3.650
3df22014-46bb-4cb9-bec3-cae991f99fe3	identifier	urn:ietf:rfc:3986	urn:oid:2.16.840.1.113883.4.642.3.668
7ff4c1ac-6aab-4cc5-a1fe-2ceeeefbb2ac	identifier	urn:ietf:rfc:3986	urn:oid:2.16.840.1.113883.4.642.3.741
e0183777-b6d5-4249-b59c-ac0bcf8d49a4	identifier	urn:ietf:rfc:3986	urn:oid:2.16.840.1.113883.4.642.3.400
f2a2d1bd-f2eb-428a-b039-2f7185dde68d	identifier	urn:ietf:rfc:3986	urn:oid:2.16.840.1.113883.4.642.3.712
09ce6811-7d1e-4005-b43e-3a9628ff62b1	identifier	urn:ietf:rfc:3986	urn:oid:2.16.840.1.113883.4.642.3.1341
540c5345-0fdf-44af-85bc-ee1bd83b5824	identifier	urn:ietf:rfc:3986	urn:oid:2.16.840.1.113883.4.642.3.673
508cb783-bad6-4275-8ab9-49491b00055f	identifier	urn:ietf:rfc:3986	urn:oid:1.2.840.10008.6.​1.​908
80729631-f548-4a09-b404-4bf87fc3bbd6	identifier	urn:ietf:rfc:3986	urn:oid:2.16.840.1.113883.4.642.3.288
61323bb6-7920-471c-9c90-06207fcfeef5	identifier	urn:ietf:rfc:3986	urn:oid:2.16.840.1.113883.6.284
2d59f339-1008-4c2d-ad68-0b2df4c26995	identifier	urn:ietf:rfc:3986	urn:oid:2.16.840.1.113883.3.88.12.80.62
f93623b1-4782-4c16-b9b5-88edd75a5b08	identifier	urn:ietf:rfc:3986	urn:oid:2.16.840.1.113883.4.642.3.418
526f1f98-3b15-4455-92cc-39e91ccac565	identifier	urn:ietf:rfc:3986	urn:oid:2.16.840.1.113883.4.642.3.968
8259c850-f178-47d8-8c68-16f4a4e1f52b	identifier	urn:ietf:rfc:3986	urn:oid:2.16.840.1.113883.4.642.3.1374
a7d668ff-a6c1-4318-87ff-cbdd6c1055f4	identifier	urn:ietf:rfc:3986	urn:oid:2.16.840.1.113883.4.642.3.504
ddeda560-70eb-46fe-87cd-1139ff8b7bda	identifier	urn:ietf:rfc:3986	urn:oid:2.16.840.1.113883.4.642.3.614
45572811-55f0-4e74-b425-cd76bab5a17e	identifier	urn:ietf:rfc:3986	urn:oid:2.16.840.1.113883.4.642.3.1303
a599da9d-0a8b-4f24-8260-b4cd2c9f8659	identifier	urn:ietf:rfc:3986	urn:oid:2.16.840.1.113883.4.642.3.1396
addb7cd3-623b-48a7-ad83-fd06fa54f40a	identifier	urn:ietf:rfc:3986	urn:oid:2.16.840.1.113883.4.642.3.49
6555f9bd-f8c4-4466-a6b0-6198a895a062	identifier	urn:ietf:rfc:3986	urn:oid:2.16.840.1.113883.4.642.3.1316
12596cb6-159d-4e94-8e4c-da07e8b9c718	identifier	urn:ietf:rfc:3986	urn:oid:2.16.840.1.113883.4.642.3.269
1f312421-374b-457b-99bb-3a3cbdc59941	identifier	urn:ietf:rfc:3986	urn:oid:2.16.840.1.113883.4.642.3.1036
cb4af361-8373-43fe-b71c-3a7b35eb3b07	identifier	urn:ietf:rfc:3986	urn:oid:2.16.840.1.113883.4.642.3.961
857c5669-a09a-4e98-8f25-94c8a156ea86	identifier	urn:ietf:rfc:3986	urn:oid:2.16.840.1.113883.4.642.3.37
39ceafde-e7ce-439f-9f83-af159af88782	identifier	urn:ietf:rfc:3986	urn:oid:2.16.840.1.113883.4.642.3.995
e33ff8d9-9fd4-4edc-b2cb-d23883d011ac	identifier	urn:ietf:rfc:3986	urn:oid:2.16.840.1.113883.4.642.3.399
3cd4bc2d-29dc-4e6d-a7e0-6f308db6d11b	identifier	urn:ietf:rfc:3986	urn:oid:2.16.840.1.113883.4.642.3.1328
c7683bb1-f99e-4584-a68d-b02a663476bd	identifier	urn:ietf:rfc:3986	urn:oid:2.16.840.1.113883.4.642.3.433
c49260fd-923a-450d-813d-63b9cf8af6fb	identifier	urn:ietf:rfc:3986	urn:oid:2.16.840.1.113883.4.642.3.1005
a8d307a9-b024-42fd-8bb9-3787ae4d0984	identifier	urn:ietf:rfc:3986	urn:oid:2.16.840.1.113883.4.642.3.790
741dc10a-efd7-49e4-8cc1-3c50f294dda5	identifier	urn:ietf:rfc:3986	urn:oid:2.16.840.1.113883.4.642.3.228
e4aaf3d0-e58a-4f32-8fab-f10553dd1bcd	identifier	urn:ietf:rfc:3986	urn:oid:2.16.840.1.113883.4.642.3.45
65427a08-47ac-4901-ad92-325433638bcb	identifier	urn:ietf:rfc:3986	urn:oid:2.16.840.1.113883.4.642.3.387
dbd0c5af-f4e5-4699-9bac-f3bc95887452	identifier	urn:ietf:rfc:3986	urn:oid:2.16.840.1.113883.4.642.3.805
4b6b86f7-c46f-43ce-8858-5a173190fba7	identifier	urn:ietf:rfc:3986	urn:oid:2.16.840.1.113883.4.642.3.753
45e04fa0-0780-4784-b006-3fc21be9b109	identifier	urn:ietf:rfc:3986	urn:oid:2.16.840.1.113883.4.642.3.35
0f83bd68-e634-472f-a300-e54943ce7aa4	identifier	urn:ietf:rfc:3986	urn:oid:2.16.840.1.113883.4.642.3.219
988d473e-2de1-4d50-b718-9632c86f0bf6	identifier	urn:ietf:rfc:3986	urn:oid:2.16.840.1.113883.4.642.3.431
7e53962e-0a5b-4182-98af-9583aad06597	identifier	urn:ietf:rfc:3986	urn:oid:2.16.840.1.113883.4.642.3.466
1ef48345-d34b-4af1-b690-30d07dd97d57	identifier	urn:ietf:rfc:3986	urn:oid:2.16.840.1.113883.4.642.3.194
c06f878c-bfba-4dcc-a8e0-2017c01d1a6f	identifier	urn:ietf:rfc:3986	urn:oid:2.16.840.1.113883.4.642.3.840
90490bd2-a964-48c3-9555-3c7718a989e1	identifier	urn:ietf:rfc:3986	urn:oid:2.16.840.1.113883.4.642.3.892
013e5836-e60b-46a2-9ff4-ac4011feaa5e	identifier	urn:ietf:rfc:3986	urn:oid:2.16.840.1.113883.4.642.3.244
b2b11c6a-8fe9-40da-b93f-972de74cc27f	identifier	urn:ietf:rfc:3986	urn:oid:2.16.840.1.113883.4.642.3.500
70b9b68c-5da2-465b-a6b6-6e123345b408	identifier	urn:ietf:rfc:3986	urn:oid:2.16.840.1.113883.4.642.3.375
5d5d40a0-fcc3-4e96-bf15-574e2ba7fb33	identifier	urn:ietf:rfc:3986	urn:oid:2.16.840.1.113883.4.642.3.939
bb3949bd-214b-4ccc-876a-7a9a887710c1	identifier	urn:ietf:rfc:3986	urn:oid:2.16.840.1.113883.4.642.3.780
932ff313-8de8-482d-a108-092b9e9f598d	identifier	urn:ietf:rfc:3986	urn:oid:2.16.840.1.113883.4.642.3.412
ebf589aa-6c18-4450-9acc-64742defabff	identifier	urn:ietf:rfc:3986	urn:oid:2.16.840.1.113883.4.642.3.129
beccbd81-b4b6-4571-96eb-bba125781b77	identifier	urn:ietf:rfc:3986	urn:oid:2.16.840.1.113883.4.642.3.180
5294732b-a246-439f-a4eb-69b174fa698a	identifier	urn:ietf:rfc:3986	urn:oid:2.16.840.1.113883.4.642.3.290
e9aeeb4f-7ee1-4f7f-85d3-d21edc2dd044	identifier	urn:ietf:rfc:3986	urn:oid:2.16.840.1.113883.4.642.3.232
96727330-0e61-4383-b77f-11c9ba7c31ea	identifier	urn:ietf:rfc:3986	urn:oid:2.16.840.1.113883.4.642.3.993
4e4ee222-8e3c-4fc4-bb8e-6ad2e78c8b6e	identifier	urn:ietf:rfc:3986	urn:oid:2.16.840.1.113883.4.642.3.414
217cb76d-7456-4d31-bb41-96ba22c19e81	identifier	urn:ietf:rfc:3986	urn:oid:2.16.840.1.113883.4.642.3.24
82771f3d-6f8f-414f-a806-c019c99d9669	identifier	urn:ietf:rfc:3986	urn:oid:2.16.840.1.113883.4.642.3.202
2614efdb-9862-4624-9ad2-cb83eac21756	identifier	urn:ietf:rfc:3986	urn:oid:2.16.840.1.113883.4.642.3.1326
24ea7aea-b507-43ca-814d-a717c009301c	identifier	urn:ietf:rfc:3986	urn:oid:2.16.840.1.113883.4.642.3.720
b2e3c759-fe9d-412b-85c5-719f473269b7	identifier	urn:ietf:rfc:3986	urn:oid:2.16.840.1.113883.4.642.3.852
66d016f3-db52-42c4-999e-6a6a22f41e60	identifier	urn:ietf:rfc:3986	urn:oid:2.16.840.1.113883.4.642.3.525
309fcae4-2496-4faa-b8eb-b8d73ce83b85	identifier	urn:ietf:rfc:3986	urn:oid:2.16.840.1.113883.4.642.3.796
f3c31269-cf99-481c-8574-6b214de6ffce	identifier	urn:ietf:rfc:3986	urn:oid:2.16.840.1.113883.4.642.3.48
5bd39b65-bea7-465b-9fe1-453b63f4d665	identifier	urn:ietf:rfc:3986	urn:oid:2.16.840.1.113883.4.642.3.289
71aaf6e9-caf6-48ca-a8d5-6e2fc921fa83	identifier	urn:ietf:rfc:3986	urn:oid:2.16.840.1.113883.4.642.3.648
d593a448-3786-4d9a-8bc5-b21b6b4eb408	identifier	urn:ietf:rfc:3986	urn:oid:2.16.840.1.113883.4.642.3.823
f20925c5-cdf5-492d-8780-b7f26ba671f7	identifier	urn:ietf:rfc:3986	urn:oid:2.16.840.1.113883.4.642.3.43
0f800a71-55e7-4d31-a643-c90fe0f36579	identifier	urn:ietf:rfc:3986	urn:oid:2.16.840.1.113883.4.642.3.996
eb224a8a-848d-483d-9a17-032fb0f93a2a	identifier	urn:ietf:rfc:3986	urn:oid:2.16.840.1.113883.4.642.3.639
9c9de950-b6f0-4364-b32d-07c2a50f7fe6	identifier	urn:ietf:rfc:3986	urn:oid:2.16.840.1.113883.4.642.3.1081
39789da1-7359-46f0-bc6a-879202a4fddb	identifier	urn:ietf:rfc:3986	urn:oid:2.16.840.1.113883.4.642.3.929
7a1447b5-bee4-4b4b-b9c5-9c18468cdffe	identifier	urn:ietf:rfc:3986	urn:oid:2.16.840.1.113883.4.642.3.506
c5da1809-6ec7-4b56-b511-90f8a3f0d722	identifier	urn:ietf:rfc:3986	urn:oid:2.16.840.1.113883.4.642.3.1301
0b218c9e-5dcc-4481-9579-16c8d3fd902e	identifier	urn:ietf:rfc:3986	urn:oid:2.16.840.1.113883.4.642.3.1285
19fc72fd-2d08-4a8b-9cc7-c3708e9fbcd6	identifier	urn:ietf:rfc:3986	urn:oid:2.16.840.1.113883.4.642.3.33
d1a1d8a5-8da7-423c-ace7-7c1d048aa993	identifier	urn:ietf:rfc:3986	urn:oid:2.16.840.1.113883.4.642.3.1224
fe4a29ac-f5ad-4f51-9071-44ba107696da	identifier	urn:ietf:rfc:3986	urn:oid:2.16.840.1.113883.4.642.3.9
fb1fbb1d-cc0f-4b5c-9439-e0db05a8d178	identifier	urn:ietf:rfc:3986	urn:oid:2.16.840.1.113883.4.642.3.396
3d67177d-f229-4d30-bb49-d1ffd1721c4d	identifier	urn:ietf:rfc:3986	urn:oid:2.16.840.1.113883.4.642.3.829
ad7537a9-3e72-4723-b440-c7689a3b5242	identifier	urn:ietf:rfc:3986	urn:oid:2.16.840.1.113883.4.642.3.618
86204a7b-ab8a-4b5d-8d69-5789c02ab9f6	identifier	urn:ietf:rfc:3986	urn:oid:2.16.840.1.113883.4.642.3.464
568a0cf4-2e23-40b1-8a36-0e9a4621af73	identifier	urn:ietf:rfc:3986	urn:oid:2.16.840.1.113883.4.642.3.492
c3c7577a-3abf-44fc-bf5c-db3cf6af6c22	identifier	urn:ietf:rfc:3986	urn:oid:2.16.840.1.113883.4.642.3.749
33748bb6-38a1-4275-9ccf-2e06ab4feb30	identifier	urn:ietf:rfc:3986	urn:oid:2.16.840.1.113883.4.642.3.882
fd9f04ef-53f6-4de3-abe3-893631da8d42	identifier	urn:ietf:rfc:3986	urn:oid:2.16.840.1.113883.4.642.3.940
328d3944-126f-4eb8-ae0c-2356c64bfc74	identifier	urn:ietf:rfc:3986	urn:oid:2.16.840.1.113883.4.642.3.1007
ea08b73d-c9f9-45b3-abec-05953c6053f7	identifier	urn:ietf:rfc:3986	urn:oid:2.16.840.1.113883.4.642.3.1299
ce791628-c166-4e3a-8b9a-8c4d69534898	identifier	urn:ietf:rfc:3986	urn:oid:2.16.840.1.113883.4.642.3.527
a034323d-e2a4-4a75-be36-5580c7b9eeeb	identifier	urn:ietf:rfc:3986	urn:oid:2.16.840.1.113883.4.642.3.97
38051d60-e349-405a-a9d4-2bfe1049fa38	identifier	urn:ietf:rfc:3986	urn:oid:2.16.840.1.113883.4.642.3.486
48b11dab-cdfd-43f5-ac6b-3afefcc0f968	identifier	urn:ietf:rfc:3986	urn:oid:2.16.840.1.113883.4.642.3.825
8b4652c6-524f-4a05-98e9-46e80a9d99a5	identifier	urn:ietf:rfc:3986	urn:oid:2.16.840.1.113883.4.642.3.919
3fa72776-5a7e-4485-ad20-cf2e36313fc9	identifier	urn:ietf:rfc:3986	urn:oid:2.16.840.1.113883.4.642.3.20
37294147-450c-4d01-bbbd-45b3692dec0b	identifier	urn:ietf:rfc:3986	urn:oid:2.16.840.1.113883.4.642.3.534
50c353fc-d676-4b45-967e-115c9368d5c0	identifier	urn:ietf:rfc:3986	urn:oid:2.16.840.1.113883.4.642.3.1357
0cfa0cef-b1f9-4a57-9272-1e2bdd2680cf	identifier	urn:ietf:rfc:3986	urn:oid:2.16.840.1.113883.4.642.3.529
f59e6ff4-6675-4e05-8022-723d368837e9	identifier	urn:ietf:rfc:3986	urn:oid:2.16.840.1.113883.4.642.3.1339
b71a09b2-024c-4e07-8549-bc5f3e4d83d5	identifier	urn:ietf:rfc:3986	urn:oid:2.16.840.1.113883.4.642.3.149
4a81d0cd-7048-43c2-a324-884475cc3e78	identifier	urn:ietf:rfc:3986	urn:oid:2.16.840.1.113883.4.642.3.782
9353b505-b6cc-42d7-99ca-3dac3f48db50	identifier	urn:ietf:rfc:3986	urn:oid:2.16.840.1.113883.4.642.3.610
89c6f3d6-8bbf-4e81-afcf-5e1d8f9e1d38	identifier	urn:ietf:rfc:3986	urn:oid:2.16.840.1.113883.4.642.3.1376
f0b93ccd-f574-4c0a-8703-da97cbc2131a	identifier	urn:ietf:rfc:3986	urn:oid:2.16.840.1.113883.4.642.3.209
2765646f-931f-4f55-bce6-5a85e128ca24	identifier	urn:ietf:rfc:3986	urn:oid:2.16.840.1.113883.4.642.3.182
810f1fef-1914-48b3-9993-7d0e1da56a4b	identifier	urn:ietf:rfc:3986	urn:oid:2.16.840.1.113883.4.642.3.775
cd993b1d-eafa-4edf-b020-b18998c1bf54	identifier	urn:ietf:rfc:3986	urn:oid:2.16.840.1.113883.4.642.3.13
ca084ab2-1c1f-4108-a2e8-31a57b9e18dd	identifier	urn:ietf:rfc:3986	urn:oid:2.16.840.1.113883.4.642.3.408
1b607525-582d-4ff7-a7ef-c4cbaa405e94	identifier	urn:ietf:rfc:3986	urn:oid:2.16.840.1.113883.4.642.3.240
860b4514-b935-410a-8a3d-5d3d037d0083	identifier	urn:ietf:rfc:3986	urn:oid:2.16.840.1.113883.4.642.3.652
aeed6a63-31a3-4b75-aac5-af3494945ed8	identifier	urn:ietf:rfc:3986	urn:oid:2.16.840.1.113883.4.642.3.5
4936765f-29ea-446b-8858-2f1fdf5cfa4a	identifier	urn:ietf:rfc:3986	urn:oid:2.16.840.1.113883.4.642.3.904
26e834ee-edbe-463e-9de0-cf7ad98b2321	identifier	urn:ietf:rfc:3986	urn:oid:2.16.840.1.113883.4.642.3.99
f7d3ea1a-f140-43ee-962f-64fe438f162a	identifier	urn:ietf:rfc:3986	urn:oid:2.16.840.1.113883.4.642.3.827
f8a299bb-1684-4d89-8784-bdd6e44b5b35	identifier	urn:ietf:rfc:3986	urn:oid:2.16.840.1.113883.4.642.3.757
a37952de-13ef-4bb6-8222-21ce5c5a16fd	identifier	urn:ietf:rfc:3986	urn:oid:2.16.840.1.113883.4.642.3.1297
3ecccd0c-d79a-4337-a75b-27e9d8b1de4c	identifier	urn:ietf:rfc:3986	urn:oid:2.16.840.1.113883.4.642.3.188
38f16c3d-a022-407d-806d-f1b25a76b213	identifier	urn:ietf:rfc:3986	urn:oid:2.16.840.1.113883.4.642.3.979
2dc9a910-c591-45f6-8d3b-6e7bff0bad17	identifier	urn:ietf:rfc:3986	urn:oid:2.16.840.1.113883.4.642.3.318
704ee83a-7ddf-4ef9-8123-3588ab2f1484	identifier	urn:ietf:rfc:3986	urn:oid:2.16.840.1.113883.4.642.3.1351
cd9fbe54-2772-4395-bcb0-34f4228379f0	identifier	urn:ietf:rfc:3986	urn:oid:2.16.840.1.113883.4.642.3.374
405cca0e-2cff-4cf2-b00a-40b10ce9c48d	identifier	urn:ietf:rfc:3986	urn:oid:2.16.840.1.113883.4.642.3.25
5419470e-5d5a-4999-83be-2a0323f54d47	identifier	urn:ietf:rfc:3986	urn:oid:2.16.840.1.113883.4.642.3.439
fa202736-e3da-406e-bf0a-1e9e573865b2	identifier	urn:ietf:rfc:3986	urn:oid:2.16.840.1.113883.4.642.3.122
3078bfa8-d736-437b-8dda-184d888d513e	identifier	urn:ietf:rfc:3986	urn:oid:2.16.840.1.113883.4.642.3.1046
e504a41c-899d-420b-83d3-85cbf87be879	identifier	urn:ietf:rfc:3986	urn:oid:2.16.840.1.113883.4.642.3.1130
88c978a9-cfe0-44a9-bf0e-512b35f52efb	identifier	urn:ietf:rfc:3986	urn:oid:2.16.840.1.113883.4.642.3.324
610c68ed-c76e-48ff-957f-6aa5321a2976	identifier	urn:ietf:rfc:3986	urn:oid:2.16.840.1.113883.4.642.3.1381
4ee18418-082a-4b9a-9d09-37bc151467bb	identifier	urn:ietf:rfc:3986	urn:oid:2.16.840.1.113883.4.642.3.574
99dc2b18-5fc6-4a5a-ba3e-be8877287fba	identifier	urn:ietf:rfc:3986	urn:oid:2.16.840.1.113883.4.642.3.138
f448735a-7119-4e9a-ad87-1fa9869c46f9	identifier	urn:ietf:rfc:3986	urn:oid:2.16.840.1.113883.4.642.3.704
b5128055-700e-4ba1-a6d1-58cbab4a7fb5	identifier	urn:ietf:rfc:3986	urn:oid:2.16.840.1.113883.4.642.3.1349
40cd8a43-a3d3-4f0d-b27b-3f9418f3d8f9	identifier	urn:ietf:rfc:3986	urn:oid:2.16.840.1.113883.4.642.3.222
62421af4-3b80-4509-b402-a2e2237a83c1	identifier	urn:ietf:rfc:3986	urn:oid:2.16.840.1.113883.4.642.3.658
f546a6d2-565a-49b7-8735-5560cb0d7477	identifier	urn:ietf:rfc:3986	urn:oid:2.16.840.1.113883.4.642.3.287
848d85bf-4183-43ca-abc2-c274b0d46d5b	identifier	urn:ietf:rfc:3986	urn:oid:2.16.840.1.113883.4.642.3.135
1d74d234-eef6-4bca-b6e2-4208e6e8226e	identifier	urn:ietf:rfc:3986	urn:oid:2.16.840.1.113883.4.642.3.570
6272631a-d917-4310-8614-11432475e378	identifier	urn:ietf:rfc:3986	urn:oid:2.16.840.1.113883.4.642.3.1184
382df463-60b8-405c-be4e-2521ae0b2e83	identifier	urn:ietf:rfc:3986	urn:oid:2.16.840.1.113883.4.642.3.759
ce68faa9-c53b-4e45-be22-48144469f120	identifier	urn:ietf:rfc:3986	urn:oid:2.16.840.1.113883.4.642.3.252
7d6235ce-c991-47c5-9186-40219921b290	identifier	urn:ietf:rfc:3986	urn:oid:2.16.840.1.113883.4.642.3.660
508d202c-528b-46c0-be91-4fd00217dde5	identifier	urn:ietf:rfc:3986	urn:oid:2.16.840.1.113883.4.642.3.952
16eae058-d386-415c-a96d-f9e20704d957	identifier	urn:ietf:rfc:3986	urn:oid:2.16.840.1.113883.4.642.3.146
c351e240-c550-409a-bc7b-65eb6fab1b49	identifier	urn:ietf:rfc:3986	urn:oid:2.16.840.1.113883.4.642.3.314
b51eb2e7-e36f-4cbc-a269-da970edf59f2	identifier	urn:ietf:rfc:3986	urn:oid:2.16.840.1.113883.4.642.3.11
34b67291-66ce-436a-b878-81f3f1d48bd9	identifier	urn:ietf:rfc:3986	urn:oid:2.16.840.1.113883.4.642.3.900
5a8874d7-fbbe-401f-b962-f326f30c2985	identifier	urn:ietf:rfc:3986	urn:oid:2.16.840.1.113883.4.642.3.279
d885c6d1-788b-456c-add1-4ec591590512	identifier	urn:ietf:rfc:3986	urn:oid:2.16.840.1.113883.4.642.3.735
64fcf428-7bb6-4d21-a4dc-f6cc9d8effd1	identifier	urn:ietf:rfc:3986	urn:oid:2.16.840.1.113883.4.642.3.346
b98b1b05-59d1-47d3-8f86-d873dfe4c9d7	identifier	urn:ietf:rfc:3986	urn:oid:2.16.840.1.113883.4.642.3.562
8c9ca598-c892-4cd8-a945-ac4087c47618	identifier	urn:ietf:rfc:3986	urn:oid:2.16.840.1.113883.4.642.3.833
ad4def9f-5fc8-460a-817b-8749f0e6d7b2	identifier	urn:ietf:rfc:3986	urn:oid:2.16.840.1.113883.4.642.3.73
d3166f42-80e8-4ff7-bd72-293a85719756	identifier	urn:ietf:rfc:3986	urn:oid:2.16.840.1.113883.4.642.3.965
c91b22f0-0a0c-4c80-bb31-f6f509f5d9a8	identifier	urn:ietf:rfc:3986	urn:oid:2.16.840.1.113883.4.642.3.267
61b90961-634b-4963-b65f-97472ca726c7	identifier	urn:ietf:rfc:3986	urn:oid:2.16.840.1.113883.4.642.3.349
6609e7b9-8a78-4a93-a1da-c0449cfe6a88	identifier	urn:ietf:rfc:3986	urn:oid:2.16.840.1.113883.4.642.3.846
dccd25e9-7a66-49ec-a82f-e15ea7796035	identifier	urn:ietf:rfc:3986	urn:oid:2.16.840.1.113883.4.642.3.708
3d1f44b7-f446-4f1a-ac9f-03e3ad696fcc	identifier	urn:ietf:rfc:3986	urn:oid:2.16.840.1.113883.4.642.3.1003
21940066-49c6-4fde-adda-f9bbbab4b7fd	identifier	urn:ietf:rfc:3986	urn:oid:2.16.840.1.113883.4.642.3.510
14f8b261-6b2a-4f56-93e7-f7de40ee6cf0	identifier	urn:ietf:rfc:3986	urn:oid:2.16.840.1.113883.4.642.3.386
4cde8816-c9ca-473e-a019-104d4d6844db	identifier	urn:ietf:rfc:3986	urn:oid:2.16.840.1.113883.4.642.3.970
d75e086a-d4aa-437a-a0d8-e735434f7651	identifier	urn:ietf:rfc:3986	urn:oid:2.16.840.1.113883.4.642.3.1062
af635059-1f6f-4f09-b0ae-29d1334b17d3	identifier	urn:ietf:rfc:3986	urn:oid:2.16.840.1.113883.4.642.3.531
73ebd7ba-361e-4de3-bf55-8e408559706c	identifier	urn:ietf:rfc:3986	urn:oid:2.16.840.1.113883.4.642.3.162
166f2c5c-0aa0-440d-80f9-ca61d37e7f1c	identifier	urn:ietf:rfc:3986	urn:oid:2.16.840.1.113883.4.642.3.420
76ac6105-3f0c-41ee-9630-6b4daee98dcb	identifier	urn:ietf:rfc:3986	urn:oid:2.16.840.1.113883.4.642.3.598
caf3f6bf-1904-4afd-9d20-31accfea21e6	identifier	urn:ietf:rfc:3986	urn:oid:2.16.840.1.113883.4.642.3.1321
fd27c20b-f258-4fac-ad66-7e1b9f3878cf	identifier	urn:ietf:rfc:3986	urn:oid:2.16.840.1.113883.4.642.3.275
4e74027c-b481-40e5-aa37-ece259d91473	identifier	urn:ietf:rfc:3986	urn:oid:2.16.840.1.113883.4.642.3.954
621914c5-9105-4f2e-b056-1c84a5e83ff1	identifier	urn:ietf:rfc:3986	urn:oid:2.16.840.1.113883.4.642.3.103
0ab44d06-804d-4b93-bc11-098cff06f3a3	identifier	urn:ietf:rfc:3986	urn:oid:2.16.840.1.113883.4.642.3.75
9b2892a4-f90d-49b1-942a-ad3b67e82656	identifier	urn:ietf:rfc:3986	urn:oid:2.16.840.1.113883.4.642.3.217
98c39ad3-ed04-414f-a94b-0800d2e83809	identifier	urn:ietf:rfc:3986	urn:oid:2.16.840.1.113883.4.642.3.987
579c2cd9-cbaa-4e39-ace6-596ab04d47fe	identifier	urn:ietf:rfc:3986	urn:oid:2.16.840.1.113883.4.642.3.47
423b0d43-96c6-42d2-81b8-bb2572690bca	identifier	urn:ietf:rfc:3986	urn:oid:2.16.840.1.113883.4.642.3.54
54450633-780d-4ec3-bf3c-48225455e197	identifier	urn:ietf:rfc:3986	urn:oid:2.16.840.1.113883.4.642.3.641
50af96dd-3343-40a8-8fde-d9db04ffcd57	identifier	urn:ietf:rfc:3986	urn:oid:2.16.840.1.113883.4.642.3.496
cf659030-c43a-4787-85e0-52064c21cb4a	identifier	urn:ietf:rfc:3986	urn:oid:2.16.840.1.113883.4.642.3.208
1be5b2ec-b416-4aad-b980-1d18529377d2	identifier	urn:ietf:rfc:3986	urn:oid:2.16.840.1.113883.4.642.3.369
b0cdde41-43d7-493c-89e1-ba2b198d64dd	identifier	urn:ietf:rfc:3986	urn:oid:2.16.840.1.113883.4.642.3.3
089fe78a-4a48-4bce-9f96-235b982a7dfb	identifier	urn:ietf:rfc:3986	urn:oid:2.16.840.1.113883.4.642.3.384
092fb896-6e7f-4d1b-b678-37af5ccba78f	identifier	urn:ietf:rfc:3986	urn:oid:2.16.840.1.113883.4.642.3.150
f13214ae-7d04-4efc-a262-3714b9f3fa0d	identifier	urn:ietf:rfc:3986	urn:oid:2.16.840.1.113883.4.642.3.405
4a10eaff-8d31-4785-b633-9a5362d564a6	identifier	urn:ietf:rfc:3986	urn:oid:2.16.840.1.113883.4.642.3.1400
9bb09e0c-7f4c-44a5-a6aa-6b7695857103	identifier	urn:ietf:rfc:3986	urn:oid:2.16.840.1.113883.4.642.3.152
b85a92b8-2058-4782-aa75-d0168086ad0a	identifier	urn:ietf:rfc:3986	urn:oid:2.16.840.1.113883.4.642.3.308
1902cef0-d6ff-4464-984c-be3f935ceada	identifier	urn:ietf:rfc:3986	urn:oid:2.16.840.1.113883.4.642.3.933
2b708a46-652b-42d6-8d4d-c999c56754d1	identifier	urn:ietf:rfc:3986	urn:oid:2.16.840.1.113883.4.642.3.234
927727a2-8b77-4d39-aad4-6c12e43d1b97	identifier	urn:ietf:rfc:3986	urn:oid:2.16.840.1.113883.4.642.3.137
a8447116-d5f8-490b-b3f3-d036c129c9f9	identifier	urn:ietf:rfc:3986	urn:oid:2.16.840.1.113883.4.642.3.946
79d1fa09-f2c0-4bff-9019-50e5e3ee1079	identifier	urn:ietf:rfc:3986	urn:oid:2.16.840.1.113883.4.642.3.776
384c9e28-d032-4cbd-8e79-b95f9b659beb	identifier	urn:ietf:rfc:3986	urn:oid:2.16.840.1.113883.4.642.3.391
9a3b723a-0cce-44d6-8652-bb74a62e0e66	identifier	urn:ietf:rfc:3986	urn:oid:2.16.840.1.113883.4.642.3.1322
41e46d0f-d19a-47ab-a2cd-78d0a09e1dca	identifier	urn:ietf:rfc:3986	urn:oid:2.16.840.1.113883.4.642.3.596
d4761b2e-4d56-4d96-b05a-1bf213e530e1	identifier	urn:ietf:rfc:3986	urn:oid:2.16.840.1.113883.4.642.3.739
fb44d5d0-eb9d-4a94-9069-7304783a35c6	identifier	urn:ietf:rfc:3986	urn:oid:2.16.840.1.113883.4.642.3.958
ddfb2e76-8ef1-45ba-ab0d-822b2285bcc5	identifier	urn:ietf:rfc:3986	urn:oid:2.16.840.1.113883.4.642.3.469
135a15d0-44cf-4545-abac-dcb44a805e32	identifier	urn:ietf:rfc:3986	urn:oid:2.16.840.1.113883.4.642.3.226
de472984-a6ea-4ef3-99b4-6bc61fe45be6	identifier	urn:ietf:rfc:3986	urn:oid:2.16.840.1.113883.4.642.3.273
7fa6f4c0-a5aa-46aa-899c-83411c7012dd	identifier	urn:ietf:rfc:3986	urn:oid:2.16.840.1.113883.4.642.3.494
ff33949f-4ab9-48a1-8500-4dee313bff84	identifier	urn:ietf:rfc:3986	urn:oid:2.16.840.1.113883.6.282
f385c257-686a-4e6e-b3af-e41fe6145d86	identifier	urn:ietf:rfc:3986	urn:oid:2.16.840.1.113883.4.642.3.1399
1d95849c-7539-477d-a973-8a52054da1dd	identifier	urn:ietf:rfc:3986	urn:oid:2.16.840.1.113883.4.642.3.67
4e292ab9-4ce3-4d9d-870a-09f2f5e22e2d	identifier	urn:ietf:rfc:3986	urn:oid:2.16.840.1.113883.6.281
1e4dca54-a914-4d5e-9802-a726499f9c14	identifier	urn:ietf:rfc:3986	urn:oid:2.16.840.1.113883.4.642.3.1355
90122282-dbba-445e-a55b-e58a01f91020	identifier	urn:ietf:rfc:3986	urn:oid:2.16.840.1.113883.4.642.3.518
52ce7fd8-4e66-4a80-8b2c-ae74309d6b05	identifier	urn:ietf:rfc:3986	urn:oid:2.16.840.1.113883.4.642.3.685
a39b54cf-2bd8-4848-90df-084a09b503e7	identifier	urn:ietf:rfc:3986	urn:oid:2.16.840.1.113883.4.642.3.888
60421605-8a2e-4a1d-b952-12f16e946c2e	identifier	urn:ietf:rfc:3986	urn:oid:2.16.840.1.113883.4.642.3.204
e03ffb90-9c67-4037-9db3-29d8ccc3c924	identifier	urn:ietf:rfc:3986	urn:oid:2.16.840.1.113883.4.642.3.718
270c3011-e348-4d55-8251-c289a9359986	identifier	urn:ietf:rfc:3986	urn:oid:2.16.840.1.113883.4.642.3.1024
0df98b9b-30a9-4dc1-8ad6-d41e5a49c434	identifier	urn:ietf:rfc:3986	urn:oid:2.16.840.1.113883.4.642.3.983
28ea0f4e-8706-40a2-b125-436c293cb15b	identifier	urn:ietf:rfc:3986	urn:oid:2.16.840.1.113883.4.642.3.870
dd95e98f-6135-4795-9db8-c83a3693e151	jurisdiction	text	World
dd95e98f-6135-4795-9db8-c83a3693e151	jurisdiction	http://unstats.un.org/unsd/methods/m49/m49.htm	001
dd95e98f-6135-4795-9db8-c83a3693e151	identifier	urn:ietf:rfc:3986	urn:oid:2.16.840.1.113883.4.642.3.3158
